[2026-09-24T21:39:32Z][gpu7] shard 0/1 starting, device=cuda, CUDA_VISIBLE_DEVICES=7
[2026-09-24T21:39:32Z][gpu7] shard 0/1: 169 of 169 sequences assigned
/data1_ycao/chua/projects/mrsp/scratch/pipelines/EndoDAC/models/backbones/layers/swiglu_ffn.py:43: UserWarning: xFormers is available (SwiGLU)
  warnings.warn("xFormers is available (SwiGLU)")
/data1_ycao/chua/projects/mrsp/scratch/pipelines/EndoDAC/models/backbones/layers/attention.py:27: UserWarning: xFormers is available (Attention)
  warnings.warn("xFormers is available (Attention)")
/data1_ycao/chua/projects/mrsp/scratch/pipelines/EndoDAC/models/backbones/layers/block.py:33: UserWarning: xFormers is available (Block)
  warnings.warn("xFormers is available (Block)")
load pretrained weight from /data1_ycao/chua/projects/mrsp/scratch/pipelines/EndoDAC/pretrained_model/depth_anything_vitb14.pth

[2026-09-24T21:39:43Z][gpu7] c1_ascending_t1_v1: depth frame 0/281, elapsed 1.3s
[2026-09-24T21:39:53Z][gpu7] c1_ascending_t1_v1: depth frame 100/281, elapsed 11.3s
[2026-09-24T21:40:03Z][gpu7] c1_ascending_t1_v1: depth frame 200/281, elapsed 21.1s
[2026-09-24T21:40:11Z][gpu7] c1_ascending_t1_v1: depth frame 281/281, elapsed 29.1s
[2026-09-24T21:40:11Z][gpu7] c1_ascending_t1_v1: pose pair (0,1), elapsed 0.1s
[2026-09-24T21:40:26Z][gpu7] c1_ascending_t1_v1: pose pair (100,101), elapsed 15.0s
[2026-09-24T21:40:39Z][gpu7] c1_ascending_t1_v1: pose pair (200,201), elapsed 27.7s
[2026-09-24T21:40:49Z][gpu7] c1_ascending_t1_v1: pose pair (280,281), elapsed 38.0s
[2026-09-24T21:40:49Z][gpu7] c1_ascending_t1_v1: DONE in 70.3s, n_nonfinite_depth=0 n_nonfinite_pose=0
[2026-09-24T21:40:54Z][gpu7] c1_ascending_t1_v2: depth frame 0/453, elapsed 0.1s
[2026-09-24T21:41:04Z][gpu7] c1_ascending_t1_v2: depth frame 100/453, elapsed 9.7s
[2026-09-24T21:41:13Z][gpu7] c1_ascending_t1_v2: depth frame 200/453, elapsed 18.5s
[2026-09-24T21:41:22Z][gpu7] c1_ascending_t1_v2: depth frame 300/453, elapsed 27.8s
[2026-09-24T21:41:31Z][gpu7] c1_ascending_t1_v2: depth frame 400/453, elapsed 37.2s
[2026-09-24T21:41:36Z][gpu7] c1_ascending_t1_v2: depth frame 453/453, elapsed 42.1s
[2026-09-24T21:41:36Z][gpu7] c1_ascending_t1_v2: pose pair (0,1), elapsed 0.2s
[2026-09-24T21:41:49Z][gpu7] c1_ascending_t1_v2: pose pair (100,101), elapsed 12.6s
[2026-09-24T21:42:01Z][gpu7] c1_ascending_t1_v2: pose pair (200,201), elapsed 25.0s
[2026-09-24T21:42:15Z][gpu7] c1_ascending_t1_v2: pose pair (300,301), elapsed 39.2s
[2026-09-24T21:42:29Z][gpu7] c1_ascending_t1_v2: pose pair (400,401), elapsed 52.6s
[2026-09-24T21:42:36Z][gpu7] c1_ascending_t1_v2: pose pair (452,453), elapsed 60.2s
[2026-09-24T21:42:37Z][gpu7] c1_ascending_t1_v2: DONE in 107.0s, n_nonfinite_depth=0 n_nonfinite_pose=0
[2026-09-24T21:42:41Z][gpu7] c1_ascending_t2_v1: depth frame 0/373, elapsed 0.1s
[2026-09-24T21:42:50Z][gpu7] c1_ascending_t2_v1: depth frame 100/373, elapsed 9.2s
[2026-09-24T21:42:59Z][gpu7] c1_ascending_t2_v1: depth frame 200/373, elapsed 18.2s
[2026-09-24T21:43:07Z][gpu7] c1_ascending_t2_v1: depth frame 300/373, elapsed 26.8s
[2026-09-24T21:43:14Z][gpu7] c1_ascending_t2_v1: depth frame 373/373, elapsed 33.5s
[2026-09-24T21:43:14Z][gpu7] c1_ascending_t2_v1: pose pair (0,1), elapsed 0.1s
[2026-09-24T21:43:26Z][gpu7] c1_ascending_t2_v1: pose pair (100,101), elapsed 12.2s
[2026-09-24T21:43:38Z][gpu7] c1_ascending_t2_v1: pose pair (200,201), elapsed 24.2s
[2026-09-24T21:43:52Z][gpu7] c1_ascending_t2_v1: pose pair (300,301), elapsed 37.6s
[2026-09-24T21:44:00Z][gpu7] c1_ascending_t2_v1: pose pair (372,373), elapsed 45.6s
[2026-09-24T21:44:00Z][gpu7] c1_ascending_t2_v1: DONE in 82.8s, n_nonfinite_depth=0 n_nonfinite_pose=0
[2026-09-24T21:44:04Z][gpu7] c1_ascending_t2_v2: depth frame 0/411, elapsed 0.1s
[2026-09-24T21:44:14Z][gpu7] c1_ascending_t2_v2: depth frame 100/411, elapsed 9.6s
[2026-09-24T21:44:23Z][gpu7] c1_ascending_t2_v2: depth frame 200/411, elapsed 19.1s
[2026-09-24T21:44:33Z][gpu7] c1_ascending_t2_v2: depth frame 300/411, elapsed 28.5s
[2026-09-24T21:44:42Z][gpu7] c1_ascending_t2_v2: depth frame 400/411, elapsed 38.2s
[2026-09-24T21:44:43Z][gpu7] c1_ascending_t2_v2: depth frame 411/411, elapsed 39.2s
[2026-09-24T21:44:43Z][gpu7] c1_ascending_t2_v2: pose pair (0,1), elapsed 0.1s
[2026-09-24T21:44:57Z][gpu7] c1_ascending_t2_v2: pose pair (100,101), elapsed 13.3s
[2026-09-24T21:45:11Z][gpu7] c1_ascending_t2_v2: pose pair (200,201), elapsed 27.7s
[2026-09-24T21:45:26Z][gpu7] c1_ascending_t2_v2: pose pair (300,301), elapsed 42.3s
[2026-09-24T21:45:40Z][gpu7] c1_ascending_t2_v2: pose pair (400,401), elapsed 56.4s
[2026-09-24T21:45:41Z][gpu7] c1_ascending_t2_v2: pose pair (410,411), elapsed 58.1s
[2026-09-24T21:45:42Z][gpu7] c1_ascending_t2_v2: DONE in 101.5s, n_nonfinite_depth=0 n_nonfinite_pose=0
[2026-09-24T21:45:48Z][gpu7] c1_ascending_t2_v3: depth frame 0/411, elapsed 0.1s
[2026-09-24T21:45:58Z][gpu7] c1_ascending_t2_v3: depth frame 100/411, elapsed 10.3s
[2026-09-24T21:46:08Z][gpu7] c1_ascending_t2_v3: depth frame 200/411, elapsed 19.8s
[2026-09-24T21:46:18Z][gpu7] c1_ascending_t2_v3: depth frame 300/411, elapsed 29.7s
[2026-09-24T21:46:29Z][gpu7] c1_ascending_t2_v3: depth frame 400/411, elapsed 40.3s
[2026-09-24T21:46:30Z][gpu7] c1_ascending_t2_v3: depth frame 411/411, elapsed 41.5s
[2026-09-24T21:46:30Z][gpu7] c1_ascending_t2_v3: pose pair (0,1), elapsed 0.2s
[2026-09-24T21:46:45Z][gpu7] c1_ascending_t2_v3: pose pair (100,101), elapsed 15.5s
[2026-09-24T21:47:00Z][gpu7] c1_ascending_t2_v3: pose pair (200,201), elapsed 30.6s
[2026-09-24T21:47:15Z][gpu7] c1_ascending_t2_v3: pose pair (300,301), elapsed 45.1s
[2026-09-24T21:47:32Z][gpu7] c1_ascending_t2_v3: pose pair (400,401), elapsed 62.2s
[2026-09-24T21:47:33Z][gpu7] c1_ascending_t2_v3: pose pair (410,411), elapsed 63.6s
[2026-09-24T21:47:33Z][gpu7] c1_ascending_t2_v3: DONE in 111.6s, n_nonfinite_depth=0 n_nonfinite_pose=0
[2026-09-24T21:47:36Z][gpu7] c1_ascending_t3_v1: depth frame 0/258, elapsed 0.1s
[2026-09-24T21:47:45Z][gpu7] c1_ascending_t3_v1: depth frame 100/258, elapsed 9.2s
[2026-09-24T21:47:54Z][gpu7] c1_ascending_t3_v1: depth frame 200/258, elapsed 18.2s
[2026-09-24T21:47:59Z][gpu7] c1_ascending_t3_v1: depth frame 258/258, elapsed 23.9s
[2026-09-24T21:48:00Z][gpu7] c1_ascending_t3_v1: pose pair (0,1), elapsed 0.2s
[2026-09-24T21:48:12Z][gpu7] c1_ascending_t3_v1: pose pair (100,101), elapsed 12.8s
[2026-09-24T21:48:23Z][gpu7] c1_ascending_t3_v1: pose pair (200,201), elapsed 23.3s
[2026-09-24T21:48:31Z][gpu7] c1_ascending_t3_v1: pose pair (257,258), elapsed 31.3s
[2026-09-24T21:48:31Z][gpu7] c1_ascending_t3_v1: DONE in 56.9s, n_nonfinite_depth=0 n_nonfinite_pose=0
[2026-09-24T21:48:38Z][gpu7] c1_ascending_t3_v2: depth frame 0/679, elapsed 0.1s
[2026-09-24T21:48:48Z][gpu7] c1_ascending_t3_v2: depth frame 100/679, elapsed 9.7s
[2026-09-24T21:48:57Z][gpu7] c1_ascending_t3_v2: depth frame 200/679, elapsed 19.0s
[2026-09-24T21:49:07Z][gpu7] c1_ascending_t3_v2: depth frame 300/679, elapsed 28.8s
[2026-09-24T21:49:16Z][gpu7] c1_ascending_t3_v2: depth frame 400/679, elapsed 38.3s
[2026-09-24T21:49:26Z][gpu7] c1_ascending_t3_v2: depth frame 500/679, elapsed 47.9s
[2026-09-24T21:49:35Z][gpu7] c1_ascending_t3_v2: depth frame 600/679, elapsed 56.9s
[2026-09-24T21:49:43Z][gpu7] c1_ascending_t3_v2: depth frame 679/679, elapsed 64.6s
[2026-09-24T21:49:43Z][gpu7] c1_ascending_t3_v2: pose pair (0,1), elapsed 0.2s
[2026-09-24T21:49:56Z][gpu7] c1_ascending_t3_v2: pose pair (100,101), elapsed 13.1s
[2026-09-24T21:50:10Z][gpu7] c1_ascending_t3_v2: pose pair (200,201), elapsed 27.3s
[2026-09-24T21:50:24Z][gpu7] c1_ascending_t3_v2: pose pair (300,301), elapsed 41.5s
[2026-09-24T21:50:39Z][gpu7] c1_ascending_t3_v2: pose pair (400,401), elapsed 56.6s
[2026-09-24T21:50:53Z][gpu7] c1_ascending_t3_v2: pose pair (500,501), elapsed 70.7s
[2026-09-24T21:51:06Z][gpu7] c1_ascending_t3_v2: pose pair (600,601), elapsed 83.6s
[2026-09-24T21:51:18Z][gpu7] c1_ascending_t3_v2: pose pair (678,679), elapsed 95.5s
[2026-09-24T21:51:18Z][gpu7] c1_ascending_t3_v2: DONE in 167.3s, n_nonfinite_depth=0 n_nonfinite_pose=0
[2026-09-24T21:51:34Z][gpu7] c1_ascending_t3_v3: depth frame 0/679, elapsed 0.1s
[2026-09-24T21:51:44Z][gpu7] c1_ascending_t3_v3: depth frame 100/679, elapsed 10.2s
[2026-09-24T21:51:54Z][gpu7] c1_ascending_t3_v3: depth frame 200/679, elapsed 20.0s
[2026-09-24T21:52:04Z][gpu7] c1_ascending_t3_v3: depth frame 300/679, elapsed 30.0s
[2026-09-24T21:52:14Z][gpu7] c1_ascending_t3_v3: depth frame 400/679, elapsed 39.8s
[2026-09-24T21:52:24Z][gpu7] c1_ascending_t3_v3: depth frame 500/679, elapsed 50.3s
[2026-09-24T21:52:34Z][gpu7] c1_ascending_t3_v3: depth frame 600/679, elapsed 60.1s
[2026-09-24T21:52:42Z][gpu7] c1_ascending_t3_v3: depth frame 679/679, elapsed 68.3s
[2026-09-24T21:52:42Z][gpu7] c1_ascending_t3_v3: pose pair (0,1), elapsed 0.1s
[2026-09-24T21:52:55Z][gpu7] c1_ascending_t3_v3: pose pair (100,101), elapsed 13.3s
[2026-09-24T21:53:10Z][gpu7] c1_ascending_t3_v3: pose pair (200,201), elapsed 27.8s
[2026-09-24T21:53:24Z][gpu7] c1_ascending_t3_v3: pose pair (300,301), elapsed 42.1s
[2026-09-24T21:53:39Z][gpu7] c1_ascending_t3_v3: pose pair (400,401), elapsed 57.0s
[2026-09-24T21:53:54Z][gpu7] c1_ascending_t3_v3: pose pair (500,501), elapsed 71.6s
[2026-09-24T21:54:09Z][gpu7] c1_ascending_t3_v3: pose pair (600,601), elapsed 87.0s
[2026-09-24T21:54:22Z][gpu7] c1_ascending_t3_v3: pose pair (678,679), elapsed 99.8s
[2026-09-24T21:54:22Z][gpu7] c1_ascending_t3_v3: DONE in 183.2s, n_nonfinite_depth=0 n_nonfinite_pose=0
[2026-09-24T21:54:28Z][gpu7] c1_ascending_t4_v1: depth frame 0/409, elapsed 0.1s
[2026-09-24T21:54:38Z][gpu7] c1_ascending_t4_v1: depth frame 100/409, elapsed 9.7s
[2026-09-24T21:54:48Z][gpu7] c1_ascending_t4_v1: depth frame 200/409, elapsed 19.8s
[2026-09-24T21:54:57Z][gpu7] c1_ascending_t4_v1: depth frame 300/409, elapsed 29.5s
[2026-09-24T21:55:07Z][gpu7] c1_ascending_t4_v1: depth frame 400/409, elapsed 39.5s
[2026-09-24T21:55:08Z][gpu7] c1_ascending_t4_v1: depth frame 409/409, elapsed 40.4s
[2026-09-24T21:55:08Z][gpu7] c1_ascending_t4_v1: pose pair (0,1), elapsed 0.1s
[2026-09-24T21:55:21Z][gpu7] c1_ascending_t4_v1: pose pair (100,101), elapsed 12.6s
[2026-09-24T21:55:35Z][gpu7] c1_ascending_t4_v1: pose pair (200,201), elapsed 26.8s
[2026-09-24T21:55:50Z][gpu7] c1_ascending_t4_v1: pose pair (300,301), elapsed 41.8s
[2026-09-24T21:56:04Z][gpu7] c1_ascending_t4_v1: pose pair (400,401), elapsed 55.9s
[2026-09-24T21:56:05Z][gpu7] c1_ascending_t4_v1: pose pair (408,409), elapsed 57.2s
[2026-09-24T21:56:06Z][gpu7] c1_ascending_t4_v1: DONE in 102.6s, n_nonfinite_depth=0 n_nonfinite_pose=0
[2026-09-24T21:56:15Z][gpu7] c1_ascending_t4_v2: depth frame 0/693, elapsed 0.1s
[2026-09-24T21:56:25Z][gpu7] c1_ascending_t4_v2: depth frame 100/693, elapsed 10.7s
[2026-09-24T21:56:35Z][gpu7] c1_ascending_t4_v2: depth frame 200/693, elapsed 20.6s
[2026-09-24T21:56:44Z][gpu7] c1_ascending_t4_v2: depth frame 300/693, elapsed 29.6s
[2026-09-24T21:56:53Z][gpu7] c1_ascending_t4_v2: depth frame 400/693, elapsed 38.5s
[2026-09-24T21:57:02Z][gpu7] c1_ascending_t4_v2: depth frame 500/693, elapsed 47.8s
[2026-09-24T21:57:12Z][gpu7] c1_ascending_t4_v2: depth frame 600/693, elapsed 57.4s
[2026-09-24T21:57:21Z][gpu7] c1_ascending_t4_v2: depth frame 693/693, elapsed 66.1s
[2026-09-24T21:57:21Z][gpu7] c1_ascending_t4_v2: pose pair (0,1), elapsed 0.2s
[2026-09-24T21:57:35Z][gpu7] c1_ascending_t4_v2: pose pair (100,101), elapsed 14.6s
[2026-09-24T21:57:47Z][gpu7] c1_ascending_t4_v2: pose pair (200,201), elapsed 26.4s
[2026-09-24T21:58:01Z][gpu7] c1_ascending_t4_v2: pose pair (300,301), elapsed 40.5s
[2026-09-24T21:58:15Z][gpu7] c1_ascending_t4_v2: pose pair (400,401), elapsed 54.8s
[2026-09-24T21:58:29Z][gpu7] c1_ascending_t4_v2: pose pair (500,501), elapsed 68.5s
[2026-09-24T21:58:44Z][gpu7] c1_ascending_t4_v2: pose pair (600,601), elapsed 83.3s
[2026-09-24T21:58:56Z][gpu7] c1_ascending_t4_v2: pose pair (692,693), elapsed 95.5s
[2026-09-24T21:58:56Z][gpu7] c1_ascending_t4_v2: DONE in 170.2s, n_nonfinite_depth=0 n_nonfinite_pose=0
[2026-09-24T21:59:11Z][gpu7] c1_ascending_t4_v3: depth frame 0/693, elapsed 0.1s
[2026-09-24T21:59:21Z][gpu7] c1_ascending_t4_v3: depth frame 100/693, elapsed 9.9s
[2026-09-24T21:59:31Z][gpu7] c1_ascending_t4_v3: depth frame 200/693, elapsed 19.6s
[2026-09-24T21:59:40Z][gpu7] c1_ascending_t4_v3: depth frame 300/693, elapsed 29.2s
[2026-09-24T21:59:50Z][gpu7] c1_ascending_t4_v3: depth frame 400/693, elapsed 39.0s
[2026-09-24T22:00:00Z][gpu7] c1_ascending_t4_v3: depth frame 500/693, elapsed 48.8s
[2026-09-24T22:00:10Z][gpu7] c1_ascending_t4_v3: depth frame 600/693, elapsed 58.9s
[2026-09-24T22:00:19Z][gpu7] c1_ascending_t4_v3: depth frame 693/693, elapsed 68.0s
[2026-09-24T22:00:19Z][gpu7] c1_ascending_t4_v3: pose pair (0,1), elapsed 0.2s
[2026-09-24T22:00:34Z][gpu7] c1_ascending_t4_v3: pose pair (100,101), elapsed 14.9s
[2026-09-24T22:00:46Z][gpu7] c1_ascending_t4_v3: pose pair (200,201), elapsed 26.5s
[2026-09-24T22:01:00Z][gpu7] c1_ascending_t4_v3: pose pair (300,301), elapsed 41.2s
[2026-09-24T22:01:15Z][gpu7] c1_ascending_t4_v3: pose pair (400,401), elapsed 56.4s
[2026-09-24T22:01:30Z][gpu7] c1_ascending_t4_v3: pose pair (500,501), elapsed 70.9s
[2026-09-24T22:01:44Z][gpu7] c1_ascending_t4_v3: pose pair (600,601), elapsed 85.3s
[2026-09-24T22:01:57Z][gpu7] c1_ascending_t4_v3: pose pair (692,693), elapsed 98.2s
[2026-09-24T22:01:57Z][gpu7] c1_ascending_t4_v3: DONE in 180.6s, n_nonfinite_depth=0 n_nonfinite_pose=0
[2026-09-24T22:01:58Z][gpu7] c1_cecum_t1_v1: already complete, skipping
[2026-09-24T22:02:03Z][gpu7] c1_cecum_t1_v2: depth frame 0/422, elapsed 0.1s
[2026-09-24T22:02:12Z][gpu7] c1_cecum_t1_v2: depth frame 100/422, elapsed 9.3s
[2026-09-24T22:02:22Z][gpu7] c1_cecum_t1_v2: depth frame 200/422, elapsed 18.7s
[2026-09-24T22:02:31Z][gpu7] c1_cecum_t1_v2: depth frame 300/422, elapsed 27.8s
[2026-09-24T22:02:40Z][gpu7] c1_cecum_t1_v2: depth frame 400/422, elapsed 36.9s
[2026-09-24T22:02:42Z][gpu7] c1_cecum_t1_v2: depth frame 422/422, elapsed 39.2s
[2026-09-24T22:02:43Z][gpu7] c1_cecum_t1_v2: pose pair (0,1), elapsed 0.2s
[2026-09-24T22:02:56Z][gpu7] c1_cecum_t1_v2: pose pair (100,101), elapsed 13.3s
[2026-09-24T22:03:09Z][gpu7] c1_cecum_t1_v2: pose pair (200,201), elapsed 27.0s
[2026-09-24T22:03:23Z][gpu7] c1_cecum_t1_v2: pose pair (300,301), elapsed 40.6s
[2026-09-24T22:03:35Z][gpu7] c1_cecum_t1_v2: pose pair (400,401), elapsed 53.0s
[2026-09-24T22:03:39Z][gpu7] c1_cecum_t1_v2: pose pair (421,422), elapsed 56.4s
[2026-09-24T22:03:39Z][gpu7] c1_cecum_t1_v2: DONE in 100.8s, n_nonfinite_depth=0 n_nonfinite_pose=0
[2026-09-24T22:03:46Z][gpu7] c1_cecum_t1_v3: depth frame 0/422, elapsed 0.1s
[2026-09-24T22:03:55Z][gpu7] c1_cecum_t1_v3: depth frame 100/422, elapsed 9.4s
[2026-09-24T22:04:05Z][gpu7] c1_cecum_t1_v3: depth frame 200/422, elapsed 19.1s
[2026-09-24T22:04:14Z][gpu7] c1_cecum_t1_v3: depth frame 300/422, elapsed 27.9s
[2026-09-24T22:04:23Z][gpu7] c1_cecum_t1_v3: depth frame 400/422, elapsed 37.1s
[2026-09-24T22:04:25Z][gpu7] c1_cecum_t1_v3: depth frame 422/422, elapsed 39.4s
[2026-09-24T22:04:26Z][gpu7] c1_cecum_t1_v3: pose pair (0,1), elapsed 0.2s
[2026-09-24T22:04:40Z][gpu7] c1_cecum_t1_v3: pose pair (100,101), elapsed 14.2s
[2026-09-24T22:04:55Z][gpu7] c1_cecum_t1_v3: pose pair (200,201), elapsed 29.4s
[2026-09-24T22:05:09Z][gpu7] c1_cecum_t1_v3: pose pair (300,301), elapsed 43.6s
[2026-09-24T22:05:20Z][gpu7] c1_cecum_t1_v3: pose pair (400,401), elapsed 55.0s
[2026-09-24T22:05:23Z][gpu7] c1_cecum_t1_v3: pose pair (421,422), elapsed 58.0s
[2026-09-24T22:05:24Z][gpu7] c1_cecum_t1_v3: DONE in 104.2s, n_nonfinite_depth=0 n_nonfinite_pose=0
[2026-09-24T22:05:27Z][gpu7] c1_cecum_t2_v1: depth frame 0/280, elapsed 0.1s
[2026-09-24T22:05:37Z][gpu7] c1_cecum_t2_v1: depth frame 100/280, elapsed 9.3s
[2026-09-24T22:05:46Z][gpu7] c1_cecum_t2_v1: depth frame 200/280, elapsed 18.3s
[2026-09-24T22:05:53Z][gpu7] c1_cecum_t2_v1: depth frame 280/280, elapsed 25.3s
[2026-09-24T22:05:53Z][gpu7] c1_cecum_t2_v1: pose pair (0,1), elapsed 0.1s
[2026-09-24T22:06:07Z][gpu7] c1_cecum_t2_v1: pose pair (100,101), elapsed 14.3s
[2026-09-24T22:06:20Z][gpu7] c1_cecum_t2_v1: pose pair (200,201), elapsed 26.9s
[2026-09-24T22:06:31Z][gpu7] c1_cecum_t2_v1: pose pair (279,280), elapsed 38.5s
[2026-09-24T22:06:31Z][gpu7] c1_cecum_t2_v1: DONE in 67.3s, n_nonfinite_depth=0 n_nonfinite_pose=0
[2026-09-24T22:06:36Z][gpu7] c1_cecum_t2_v2: depth frame 0/327, elapsed 0.1s
[2026-09-24T22:06:45Z][gpu7] c1_cecum_t2_v2: depth frame 100/327, elapsed 9.4s
[2026-09-24T22:06:54Z][gpu7] c1_cecum_t2_v2: depth frame 200/327, elapsed 18.6s
[2026-09-24T22:07:04Z][gpu7] c1_cecum_t2_v2: depth frame 300/327, elapsed 28.1s
[2026-09-24T22:07:06Z][gpu7] c1_cecum_t2_v2: depth frame 327/327, elapsed 30.6s
[2026-09-24T22:07:06Z][gpu7] c1_cecum_t2_v2: pose pair (0,1), elapsed 0.2s
[2026-09-24T22:07:19Z][gpu7] c1_cecum_t2_v2: pose pair (100,101), elapsed 12.7s
[2026-09-24T22:07:33Z][gpu7] c1_cecum_t2_v2: pose pair (200,201), elapsed 26.3s
[2026-09-24T22:07:46Z][gpu7] c1_cecum_t2_v2: pose pair (300,301), elapsed 40.1s
[2026-09-24T22:07:50Z][gpu7] c1_cecum_t2_v2: pose pair (326,327), elapsed 44.0s
[2026-09-24T22:07:50Z][gpu7] c1_cecum_t2_v2: DONE in 78.8s, n_nonfinite_depth=0 n_nonfinite_pose=0
[2026-09-24T22:07:58Z][gpu7] c1_cecum_t2_v3: depth frame 0/327, elapsed 0.1s
[2026-09-24T22:08:07Z][gpu7] c1_cecum_t2_v3: depth frame 100/327, elapsed 9.4s
[2026-09-24T22:08:16Z][gpu7] c1_cecum_t2_v3: depth frame 200/327, elapsed 18.9s
[2026-09-24T22:08:26Z][gpu7] c1_cecum_t2_v3: depth frame 300/327, elapsed 28.1s
[2026-09-24T22:08:28Z][gpu7] c1_cecum_t2_v3: depth frame 327/327, elapsed 30.9s
[2026-09-24T22:08:29Z][gpu7] c1_cecum_t2_v3: pose pair (0,1), elapsed 0.1s
[2026-09-24T22:08:41Z][gpu7] c1_cecum_t2_v3: pose pair (100,101), elapsed 12.6s
[2026-09-24T22:08:53Z][gpu7] c1_cecum_t2_v3: pose pair (200,201), elapsed 24.5s
[2026-09-24T22:09:06Z][gpu7] c1_cecum_t2_v3: pose pair (300,301), elapsed 37.4s
[2026-09-24T22:09:09Z][gpu7] c1_cecum_t2_v3: pose pair (326,327), elapsed 40.6s
[2026-09-24T22:09:09Z][gpu7] c1_cecum_t2_v3: DONE in 78.4s, n_nonfinite_depth=0 n_nonfinite_pose=0
[2026-09-24T22:09:17Z][gpu7] c1_cecum_t3_v2: depth frame 0/720, elapsed 0.1s
[2026-09-24T22:09:26Z][gpu7] c1_cecum_t3_v2: depth frame 100/720, elapsed 9.3s
[2026-09-24T22:09:36Z][gpu7] c1_cecum_t3_v2: depth frame 200/720, elapsed 19.5s
[2026-09-24T22:09:46Z][gpu7] c1_cecum_t3_v2: depth frame 300/720, elapsed 28.9s
[2026-09-24T22:09:55Z][gpu7] c1_cecum_t3_v2: depth frame 400/720, elapsed 38.5s
[2026-09-24T22:10:05Z][gpu7] c1_cecum_t3_v2: depth frame 500/720, elapsed 48.0s
[2026-09-24T22:10:14Z][gpu7] c1_cecum_t3_v2: depth frame 600/720, elapsed 57.3s
[2026-09-24T22:10:23Z][gpu7] c1_cecum_t3_v2: depth frame 700/720, elapsed 66.5s
[2026-09-24T22:10:25Z][gpu7] c1_cecum_t3_v2: depth frame 720/720, elapsed 68.3s
[2026-09-24T22:10:25Z][gpu7] c1_cecum_t3_v2: pose pair (0,1), elapsed 0.1s
[2026-09-24T22:10:38Z][gpu7] c1_cecum_t3_v2: pose pair (100,101), elapsed 12.4s
[2026-09-24T22:10:52Z][gpu7] c1_cecum_t3_v2: pose pair (200,201), elapsed 26.5s
[2026-09-24T22:11:04Z][gpu7] c1_cecum_t3_v2: pose pair (300,301), elapsed 39.1s
[2026-09-24T22:11:16Z][gpu7] c1_cecum_t3_v2: pose pair (400,401), elapsed 51.3s
[2026-09-24T22:11:30Z][gpu7] c1_cecum_t3_v2: pose pair (500,501), elapsed 64.6s
[2026-09-24T22:11:44Z][gpu7] c1_cecum_t3_v2: pose pair (600,601), elapsed 79.1s
[2026-09-24T22:11:58Z][gpu7] c1_cecum_t3_v2: pose pair (700,701), elapsed 93.3s
[2026-09-24T22:12:01Z][gpu7] c1_cecum_t3_v2: pose pair (719,720), elapsed 96.4s
[2026-09-24T22:12:02Z][gpu7] c1_cecum_t3_v2: DONE in 172.1s, n_nonfinite_depth=0 n_nonfinite_pose=0
[2026-09-24T22:12:11Z][gpu7] c1_cecum_t3_v3: depth frame 0/720, elapsed 0.1s
[2026-09-24T22:12:20Z][gpu7] c1_cecum_t3_v3: depth frame 100/720, elapsed 9.8s
[2026-09-24T22:12:30Z][gpu7] c1_cecum_t3_v3: depth frame 200/720, elapsed 19.7s
[2026-09-24T22:12:40Z][gpu7] c1_cecum_t3_v3: depth frame 300/720, elapsed 29.0s
[2026-09-24T22:12:49Z][gpu7] c1_cecum_t3_v3: depth frame 400/720, elapsed 38.7s
[2026-09-24T22:13:00Z][gpu7] c1_cecum_t3_v3: depth frame 500/720, elapsed 49.0s
[2026-09-24T22:13:09Z][gpu7] c1_cecum_t3_v3: depth frame 600/720, elapsed 58.7s
[2026-09-24T22:13:18Z][gpu7] c1_cecum_t3_v3: depth frame 700/720, elapsed 67.8s
[2026-09-24T22:13:20Z][gpu7] c1_cecum_t3_v3: depth frame 720/720, elapsed 69.9s
[2026-09-24T22:13:21Z][gpu7] c1_cecum_t3_v3: pose pair (0,1), elapsed 0.2s
[2026-09-24T22:13:36Z][gpu7] c1_cecum_t3_v3: pose pair (100,101), elapsed 15.4s
[2026-09-24T22:13:48Z][gpu7] c1_cecum_t3_v3: pose pair (200,201), elapsed 28.0s
[2026-09-24T22:14:00Z][gpu7] c1_cecum_t3_v3: pose pair (300,301), elapsed 39.7s
[2026-09-24T22:14:15Z][gpu7] c1_cecum_t3_v3: pose pair (400,401), elapsed 54.8s
[2026-09-24T22:14:30Z][gpu7] c1_cecum_t3_v3: pose pair (500,501), elapsed 69.5s
[2026-09-24T22:14:44Z][gpu7] c1_cecum_t3_v3: pose pair (600,601), elapsed 83.9s
[2026-09-24T22:14:58Z][gpu7] c1_cecum_t3_v3: pose pair (700,701), elapsed 97.2s
[2026-09-24T22:15:01Z][gpu7] c1_cecum_t3_v3: pose pair (719,720), elapsed 100.1s
[2026-09-24T22:15:01Z][gpu7] c1_cecum_t3_v3: DONE in 178.5s, n_nonfinite_depth=0 n_nonfinite_pose=0
[2026-09-24T22:15:12Z][gpu7] c1_cecum_t4_v1: depth frame 0/865, elapsed 0.1s
[2026-09-24T22:15:22Z][gpu7] c1_cecum_t4_v1: depth frame 100/865, elapsed 9.7s
[2026-09-24T22:15:31Z][gpu7] c1_cecum_t4_v1: depth frame 200/865, elapsed 19.2s
[2026-09-24T22:15:40Z][gpu7] c1_cecum_t4_v1: depth frame 300/865, elapsed 28.5s
[2026-09-24T22:15:50Z][gpu7] c1_cecum_t4_v1: depth frame 400/865, elapsed 37.7s
[2026-09-24T22:15:59Z][gpu7] c1_cecum_t4_v1: depth frame 500/865, elapsed 47.1s
[2026-09-24T22:16:09Z][gpu7] c1_cecum_t4_v1: depth frame 600/865, elapsed 56.8s
[2026-09-24T22:16:19Z][gpu7] c1_cecum_t4_v1: depth frame 700/865, elapsed 66.7s
[2026-09-24T22:16:28Z][gpu7] c1_cecum_t4_v1: depth frame 800/865, elapsed 76.1s
[2026-09-24T22:16:34Z][gpu7] c1_cecum_t4_v1: depth frame 865/865, elapsed 82.3s
[2026-09-24T22:16:34Z][gpu7] c1_cecum_t4_v1: pose pair (0,1), elapsed 0.2s
[2026-09-24T22:16:49Z][gpu7] c1_cecum_t4_v1: pose pair (100,101), elapsed 14.7s
[2026-09-24T22:17:03Z][gpu7] c1_cecum_t4_v1: pose pair (200,201), elapsed 28.5s
[2026-09-24T22:17:16Z][gpu7] c1_cecum_t4_v1: pose pair (300,301), elapsed 41.7s
[2026-09-24T22:17:30Z][gpu7] c1_cecum_t4_v1: pose pair (400,401), elapsed 56.0s
[2026-09-24T22:17:43Z][gpu7] c1_cecum_t4_v1: pose pair (500,501), elapsed 68.8s
[2026-09-24T22:17:56Z][gpu7] c1_cecum_t4_v1: pose pair (600,601), elapsed 81.5s
[2026-09-24T22:18:08Z][gpu7] c1_cecum_t4_v1: pose pair (700,701), elapsed 93.7s
[2026-09-24T22:18:21Z][gpu7] c1_cecum_t4_v1: pose pair (800,801), elapsed 106.5s
[2026-09-24T22:18:28Z][gpu7] c1_cecum_t4_v1: pose pair (864,865), elapsed 113.7s
[2026-09-24T22:18:28Z][gpu7] c1_cecum_t4_v1: DONE in 206.8s, n_nonfinite_depth=0 n_nonfinite_pose=0
[2026-09-24T22:18:41Z][gpu7] c1_cecum_t4_v2: depth frame 0/958, elapsed 0.1s
[2026-09-24T22:18:50Z][gpu7] c1_cecum_t4_v2: depth frame 100/958, elapsed 9.5s
[2026-09-24T22:19:00Z][gpu7] c1_cecum_t4_v2: depth frame 200/958, elapsed 18.8s
[2026-09-24T22:19:09Z][gpu7] c1_cecum_t4_v2: depth frame 300/958, elapsed 28.3s
[2026-09-24T22:19:19Z][gpu7] c1_cecum_t4_v2: depth frame 400/958, elapsed 38.5s
[2026-09-24T22:19:29Z][gpu7] c1_cecum_t4_v2: depth frame 500/958, elapsed 48.3s
[2026-09-24T22:19:39Z][gpu7] c1_cecum_t4_v2: depth frame 600/958, elapsed 57.8s
[2026-09-24T22:19:49Z][gpu7] c1_cecum_t4_v2: depth frame 700/958, elapsed 67.7s
[2026-09-24T22:19:58Z][gpu7] c1_cecum_t4_v2: depth frame 800/958, elapsed 77.2s
[2026-09-24T22:20:07Z][gpu7] c1_cecum_t4_v2: depth frame 900/958, elapsed 86.3s
[2026-09-24T22:20:13Z][gpu7] c1_cecum_t4_v2: depth frame 958/958, elapsed 91.6s
[2026-09-24T22:20:13Z][gpu7] c1_cecum_t4_v2: pose pair (0,1), elapsed 0.2s
[2026-09-24T22:20:27Z][gpu7] c1_cecum_t4_v2: pose pair (100,101), elapsed 14.2s
[2026-09-24T22:20:41Z][gpu7] c1_cecum_t4_v2: pose pair (200,201), elapsed 28.6s
[2026-09-24T22:20:54Z][gpu7] c1_cecum_t4_v2: pose pair (300,301), elapsed 41.4s
[2026-09-24T22:21:10Z][gpu7] c1_cecum_t4_v2: pose pair (400,401), elapsed 57.0s
[2026-09-24T22:21:24Z][gpu7] c1_cecum_t4_v2: pose pair (500,501), elapsed 71.4s
[2026-09-24T22:21:39Z][gpu7] c1_cecum_t4_v2: pose pair (600,601), elapsed 86.5s
[2026-09-24T22:21:55Z][gpu7] c1_cecum_t4_v2: pose pair (700,701), elapsed 102.3s
[2026-09-24T22:22:08Z][gpu7] c1_cecum_t4_v2: pose pair (800,801), elapsed 115.7s
[2026-09-24T22:22:23Z][gpu7] c1_cecum_t4_v2: pose pair (900,901), elapsed 130.3s
[2026-09-24T22:22:31Z][gpu7] c1_cecum_t4_v2: pose pair (957,958), elapsed 138.5s
[2026-09-24T22:22:31Z][gpu7] c1_cecum_t4_v2: DONE in 242.3s, n_nonfinite_depth=0 n_nonfinite_pose=0
[2026-09-24T22:22:52Z][gpu7] c1_cecum_t4_v3: depth frame 0/958, elapsed 0.1s
[2026-09-24T22:23:02Z][gpu7] c1_cecum_t4_v3: depth frame 100/958, elapsed 9.9s
[2026-09-24T22:23:12Z][gpu7] c1_cecum_t4_v3: depth frame 200/958, elapsed 19.9s
[2026-09-24T22:23:22Z][gpu7] c1_cecum_t4_v3: depth frame 300/958, elapsed 30.6s
[2026-09-24T22:23:33Z][gpu7] c1_cecum_t4_v3: depth frame 400/958, elapsed 41.6s
[2026-09-24T22:23:44Z][gpu7] c1_cecum_t4_v3: depth frame 500/958, elapsed 52.6s
[2026-09-24T22:23:55Z][gpu7] c1_cecum_t4_v3: depth frame 600/958, elapsed 62.8s
[2026-09-24T22:24:05Z][gpu7] c1_cecum_t4_v3: depth frame 700/958, elapsed 73.0s
[2026-09-24T22:24:15Z][gpu7] c1_cecum_t4_v3: depth frame 800/958, elapsed 83.0s
[2026-09-24T22:24:24Z][gpu7] c1_cecum_t4_v3: depth frame 900/958, elapsed 92.3s
[2026-09-24T22:24:30Z][gpu7] c1_cecum_t4_v3: depth frame 958/958, elapsed 98.3s
[2026-09-24T22:24:30Z][gpu7] c1_cecum_t4_v3: pose pair (0,1), elapsed 0.2s
[2026-09-24T22:24:47Z][gpu7] c1_cecum_t4_v3: pose pair (100,101), elapsed 17.0s
[2026-09-24T22:25:03Z][gpu7] c1_cecum_t4_v3: pose pair (200,201), elapsed 33.4s
[2026-09-24T22:25:21Z][gpu7] c1_cecum_t4_v3: pose pair (300,301), elapsed 50.8s
[2026-09-24T22:25:39Z][gpu7] c1_cecum_t4_v3: pose pair (400,401), elapsed 68.6s
[2026-09-24T22:25:58Z][gpu7] c1_cecum_t4_v3: pose pair (500,501), elapsed 87.5s
[2026-09-24T22:26:14Z][gpu7] c1_cecum_t4_v3: pose pair (600,601), elapsed 103.7s
[2026-09-24T22:26:29Z][gpu7] c1_cecum_t4_v3: pose pair (700,701), elapsed 118.5s
[2026-09-24T22:26:44Z][gpu7] c1_cecum_t4_v3: pose pair (800,801), elapsed 134.0s
[2026-09-24T22:26:58Z][gpu7] c1_cecum_t4_v3: pose pair (900,901), elapsed 147.9s
[2026-09-24T22:27:07Z][gpu7] c1_cecum_t4_v3: pose pair (957,958), elapsed 156.7s
[2026-09-24T22:27:07Z][gpu7] c1_cecum_t4_v3: DONE in 274.5s, n_nonfinite_depth=0 n_nonfinite_pose=0
[2026-09-24T22:27:09Z][gpu7] c1_descending_t1_v1: depth frame 0/122, elapsed 0.1s
[2026-09-24T22:27:18Z][gpu7] c1_descending_t1_v1: depth frame 100/122, elapsed 9.3s
[2026-09-24T22:27:20Z][gpu7] c1_descending_t1_v1: depth frame 122/122, elapsed 11.6s
[2026-09-24T22:27:20Z][gpu7] c1_descending_t1_v1: pose pair (0,1), elapsed 0.1s
[2026-09-24T22:27:34Z][gpu7] c1_descending_t1_v1: pose pair (100,101), elapsed 13.6s
[2026-09-24T22:27:37Z][gpu7] c1_descending_t1_v1: pose pair (121,122), elapsed 16.9s
[2026-09-24T22:27:37Z][gpu7] c1_descending_t1_v1: DONE in 29.4s, n_nonfinite_depth=0 n_nonfinite_pose=0
[2026-09-24T22:27:40Z][gpu7] c1_descending_t1_v2: depth frame 0/207, elapsed 0.1s
[2026-09-24T22:27:49Z][gpu7] c1_descending_t1_v2: depth frame 100/207, elapsed 9.5s
[2026-09-24T22:27:59Z][gpu7] c1_descending_t1_v2: depth frame 200/207, elapsed 19.3s
[2026-09-24T22:28:00Z][gpu7] c1_descending_t1_v2: depth frame 207/207, elapsed 20.0s
[2026-09-24T22:28:00Z][gpu7] c1_descending_t1_v2: pose pair (0,1), elapsed 0.1s
[2026-09-24T22:28:15Z][gpu7] c1_descending_t1_v2: pose pair (100,101), elapsed 15.2s
[2026-09-24T22:28:29Z][gpu7] c1_descending_t1_v2: pose pair (200,201), elapsed 29.1s
[2026-09-24T22:28:29Z][gpu7] c1_descending_t1_v2: pose pair (206,207), elapsed 29.9s
[2026-09-24T22:28:30Z][gpu7] c1_descending_t1_v2: DONE in 52.2s, n_nonfinite_depth=0 n_nonfinite_pose=0
[2026-09-24T22:28:33Z][gpu7] c1_descending_t1_v3: depth frame 0/207, elapsed 0.1s
[2026-09-24T22:28:43Z][gpu7] c1_descending_t1_v3: depth frame 100/207, elapsed 10.3s
[2026-09-24T22:28:53Z][gpu7] c1_descending_t1_v3: depth frame 200/207, elapsed 20.1s
[2026-09-24T22:28:54Z][gpu7] c1_descending_t1_v3: depth frame 207/207, elapsed 20.9s
[2026-09-24T22:28:54Z][gpu7] c1_descending_t1_v3: pose pair (0,1), elapsed 0.1s
[2026-09-24T22:29:08Z][gpu7] c1_descending_t1_v3: pose pair (100,101), elapsed 14.0s
[2026-09-24T22:29:22Z][gpu7] c1_descending_t1_v3: pose pair (200,201), elapsed 27.9s
[2026-09-24T22:29:23Z][gpu7] c1_descending_t1_v3: pose pair (206,207), elapsed 29.0s
[2026-09-24T22:29:23Z][gpu7] c1_descending_t1_v3: DONE in 53.0s, n_nonfinite_depth=0 n_nonfinite_pose=0
[2026-09-24T22:29:30Z][gpu7] c1_descending_t2_v2: depth frame 0/616, elapsed 0.1s
[2026-09-24T22:29:39Z][gpu7] c1_descending_t2_v2: depth frame 100/616, elapsed 9.7s
[2026-09-24T22:29:49Z][gpu7] c1_descending_t2_v2: depth frame 200/616, elapsed 19.4s
[2026-09-24T22:29:59Z][gpu7] c1_descending_t2_v2: depth frame 300/616, elapsed 29.2s
[2026-09-24T22:30:08Z][gpu7] c1_descending_t2_v2: depth frame 400/616, elapsed 38.9s
[2026-09-24T22:30:18Z][gpu7] c1_descending_t2_v2: depth frame 500/616, elapsed 48.5s
[2026-09-24T22:30:28Z][gpu7] c1_descending_t2_v2: depth frame 600/616, elapsed 58.5s
[2026-09-24T22:30:30Z][gpu7] c1_descending_t2_v2: depth frame 616/616, elapsed 60.3s
[2026-09-24T22:30:30Z][gpu7] c1_descending_t2_v2: pose pair (0,1), elapsed 0.2s
[2026-09-24T22:30:45Z][gpu7] c1_descending_t2_v2: pose pair (100,101), elapsed 15.0s
[2026-09-24T22:30:59Z][gpu7] c1_descending_t2_v2: pose pair (200,201), elapsed 28.9s
[2026-09-24T22:31:13Z][gpu7] c1_descending_t2_v2: pose pair (300,301), elapsed 43.3s
[2026-09-24T22:31:27Z][gpu7] c1_descending_t2_v2: pose pair (400,401), elapsed 56.8s
[2026-09-24T22:31:39Z][gpu7] c1_descending_t2_v2: pose pair (500,501), elapsed 69.3s
[2026-09-24T22:31:54Z][gpu7] c1_descending_t2_v2: pose pair (600,601), elapsed 84.0s
[2026-09-24T22:31:56Z][gpu7] c1_descending_t2_v2: pose pair (615,616), elapsed 86.6s
[2026-09-24T22:31:56Z][gpu7] c1_descending_t2_v2: DONE in 153.4s, n_nonfinite_depth=0 n_nonfinite_pose=0
[2026-09-24T22:32:06Z][gpu7] c1_descending_t2_v3: depth frame 0/616, elapsed 0.1s
[2026-09-24T22:32:16Z][gpu7] c1_descending_t2_v3: depth frame 100/616, elapsed 10.3s
[2026-09-24T22:32:27Z][gpu7] c1_descending_t2_v3: depth frame 200/616, elapsed 20.9s
[2026-09-24T22:32:37Z][gpu7] c1_descending_t2_v3: depth frame 300/616, elapsed 31.2s
[2026-09-24T22:32:47Z][gpu7] c1_descending_t2_v3: depth frame 400/616, elapsed 41.1s
[2026-09-24T22:32:57Z][gpu7] c1_descending_t2_v3: depth frame 500/616, elapsed 51.1s
[2026-09-24T22:33:08Z][gpu7] c1_descending_t2_v3: depth frame 600/616, elapsed 61.6s
[2026-09-24T22:33:09Z][gpu7] c1_descending_t2_v3: depth frame 616/616, elapsed 63.3s
[2026-09-24T22:33:10Z][gpu7] c1_descending_t2_v3: pose pair (0,1), elapsed 0.1s
[2026-09-24T22:33:25Z][gpu7] c1_descending_t2_v3: pose pair (100,101), elapsed 15.8s
[2026-09-24T22:33:39Z][gpu7] c1_descending_t2_v3: pose pair (200,201), elapsed 29.6s
[2026-09-24T22:33:54Z][gpu7] c1_descending_t2_v3: pose pair (300,301), elapsed 44.6s
[2026-09-24T22:34:08Z][gpu7] c1_descending_t2_v3: pose pair (400,401), elapsed 58.2s
[2026-09-24T22:34:23Z][gpu7] c1_descending_t2_v3: pose pair (500,501), elapsed 73.6s
[2026-09-24T22:34:40Z][gpu7] c1_descending_t2_v3: pose pair (600,601), elapsed 90.4s
[2026-09-24T22:34:43Z][gpu7] c1_descending_t2_v3: pose pair (615,616), elapsed 93.4s
[2026-09-24T22:34:43Z][gpu7] c1_descending_t2_v3: DONE in 165.8s, n_nonfinite_depth=0 n_nonfinite_pose=0
[2026-09-24T22:34:46Z][gpu7] c1_descending_t3_v1: depth frame 0/238, elapsed 0.1s
[2026-09-24T22:34:57Z][gpu7] c1_descending_t3_v1: depth frame 100/238, elapsed 10.4s
[2026-09-24T22:35:07Z][gpu7] c1_descending_t3_v1: depth frame 200/238, elapsed 20.6s
[2026-09-24T22:35:11Z][gpu7] c1_descending_t3_v1: depth frame 238/238, elapsed 24.6s
[2026-09-24T22:35:11Z][gpu7] c1_descending_t3_v1: pose pair (0,1), elapsed 0.2s
[2026-09-24T22:35:26Z][gpu7] c1_descending_t3_v1: pose pair (100,101), elapsed 15.1s
[2026-09-24T22:35:40Z][gpu7] c1_descending_t3_v1: pose pair (200,201), elapsed 29.3s
[2026-09-24T22:35:46Z][gpu7] c1_descending_t3_v1: pose pair (237,238), elapsed 35.4s
[2026-09-24T22:35:46Z][gpu7] c1_descending_t3_v1: DONE in 62.8s, n_nonfinite_depth=0 n_nonfinite_pose=0
[2026-09-24T22:35:50Z][gpu7] c1_descending_t3_v2: depth frame 0/341, elapsed 0.1s
[2026-09-24T22:36:01Z][gpu7] c1_descending_t3_v2: depth frame 100/341, elapsed 10.3s
[2026-09-24T22:36:11Z][gpu7] c1_descending_t3_v2: depth frame 200/341, elapsed 20.5s
[2026-09-24T22:36:21Z][gpu7] c1_descending_t3_v2: depth frame 300/341, elapsed 30.5s
[2026-09-24T22:36:25Z][gpu7] c1_descending_t3_v2: depth frame 341/341, elapsed 35.1s
[2026-09-24T22:36:26Z][gpu7] c1_descending_t3_v2: pose pair (0,1), elapsed 0.2s
[2026-09-24T22:36:40Z][gpu7] c1_descending_t3_v2: pose pair (100,101), elapsed 14.2s
[2026-09-24T22:36:54Z][gpu7] c1_descending_t3_v2: pose pair (200,201), elapsed 28.6s
[2026-09-24T22:37:09Z][gpu7] c1_descending_t3_v2: pose pair (300,301), elapsed 43.1s
[2026-09-24T22:37:16Z][gpu7] c1_descending_t3_v2: pose pair (340,341), elapsed 50.1s
[2026-09-24T22:37:16Z][gpu7] c1_descending_t3_v2: DONE in 89.1s, n_nonfinite_depth=0 n_nonfinite_pose=0
[2026-09-24T22:37:21Z][gpu7] c1_descending_t3_v3: depth frame 0/341, elapsed 0.1s
[2026-09-24T22:37:31Z][gpu7] c1_descending_t3_v3: depth frame 100/341, elapsed 10.4s
[2026-09-24T22:37:41Z][gpu7] c1_descending_t3_v3: depth frame 200/341, elapsed 20.5s
[2026-09-24T22:37:51Z][gpu7] c1_descending_t3_v3: depth frame 300/341, elapsed 30.6s
[2026-09-24T22:37:56Z][gpu7] c1_descending_t3_v3: depth frame 341/341, elapsed 34.9s
[2026-09-24T22:37:56Z][gpu7] c1_descending_t3_v3: pose pair (0,1), elapsed 0.2s
[2026-09-24T22:38:10Z][gpu7] c1_descending_t3_v3: pose pair (100,101), elapsed 14.2s
[2026-09-24T22:38:26Z][gpu7] c1_descending_t3_v3: pose pair (200,201), elapsed 30.0s
[2026-09-24T22:38:39Z][gpu7] c1_descending_t3_v3: pose pair (300,301), elapsed 43.4s
[2026-09-24T22:38:45Z][gpu7] c1_descending_t3_v3: pose pair (340,341), elapsed 49.2s
[2026-09-24T22:38:45Z][gpu7] c1_descending_t3_v3: DONE in 88.8s, n_nonfinite_depth=0 n_nonfinite_pose=0
[2026-09-24T22:38:48Z][gpu7] c1_descending_t4_v1: depth frame 0/191, elapsed 0.1s
[2026-09-24T22:38:58Z][gpu7] c1_descending_t4_v1: depth frame 100/191, elapsed 9.9s
[2026-09-24T22:39:07Z][gpu7] c1_descending_t4_v1: depth frame 191/191, elapsed 18.8s
[2026-09-24T22:39:07Z][gpu7] c1_descending_t4_v1: pose pair (0,1), elapsed 0.1s
[2026-09-24T22:39:21Z][gpu7] c1_descending_t4_v1: pose pair (100,101), elapsed 14.2s
[2026-09-24T22:39:34Z][gpu7] c1_descending_t4_v1: pose pair (190,191), elapsed 27.6s
[2026-09-24T22:39:35Z][gpu7] c1_descending_t4_v1: DONE in 49.3s, n_nonfinite_depth=0 n_nonfinite_pose=0
[2026-09-24T22:39:39Z][gpu7] c1_descending_t4_v2: depth frame 0/278, elapsed 0.1s
[2026-09-24T22:39:49Z][gpu7] c1_descending_t4_v2: depth frame 100/278, elapsed 9.7s
[2026-09-24T22:39:59Z][gpu7] c1_descending_t4_v2: depth frame 200/278, elapsed 19.7s
[2026-09-24T22:40:07Z][gpu7] c1_descending_t4_v2: depth frame 278/278, elapsed 27.7s
[2026-09-24T22:40:07Z][gpu7] c1_descending_t4_v2: pose pair (0,1), elapsed 0.2s
[2026-09-24T22:40:20Z][gpu7] c1_descending_t4_v2: pose pair (100,101), elapsed 13.1s
[2026-09-24T22:40:34Z][gpu7] c1_descending_t4_v2: pose pair (200,201), elapsed 26.9s
[2026-09-24T22:40:46Z][gpu7] c1_descending_t4_v2: pose pair (277,278), elapsed 38.5s
[2026-09-24T22:40:46Z][gpu7] c1_descending_t4_v2: DONE in 70.9s, n_nonfinite_depth=0 n_nonfinite_pose=0
[2026-09-24T22:40:52Z][gpu7] c1_descending_t4_v3: depth frame 0/278, elapsed 0.1s
[2026-09-24T22:41:02Z][gpu7] c1_descending_t4_v3: depth frame 100/278, elapsed 10.5s
[2026-09-24T22:41:13Z][gpu7] c1_descending_t4_v3: depth frame 200/278, elapsed 20.9s
[2026-09-24T22:41:21Z][gpu7] c1_descending_t4_v3: depth frame 278/278, elapsed 29.3s
[2026-09-24T22:41:21Z][gpu7] c1_descending_t4_v3: pose pair (0,1), elapsed 0.2s
[2026-09-24T22:41:36Z][gpu7] c1_descending_t4_v3: pose pair (100,101), elapsed 14.7s
[2026-09-24T22:41:50Z][gpu7] c1_descending_t4_v3: pose pair (200,201), elapsed 29.4s
[2026-09-24T22:42:02Z][gpu7] c1_descending_t4_v3: pose pair (277,278), elapsed 41.5s
[2026-09-24T22:42:03Z][gpu7] c1_descending_t4_v3: DONE in 76.6s, n_nonfinite_depth=0 n_nonfinite_pose=0
[2026-09-24T22:42:05Z][gpu7] c1_rectum_t1_v1: depth frame 0/205, elapsed 0.1s
[2026-09-24T22:42:14Z][gpu7] c1_rectum_t1_v1: depth frame 100/205, elapsed 9.5s
[2026-09-24T22:42:24Z][gpu7] c1_rectum_t1_v1: depth frame 200/205, elapsed 19.0s
[2026-09-24T22:42:24Z][gpu7] c1_rectum_t1_v1: depth frame 205/205, elapsed 19.4s
[2026-09-24T22:42:24Z][gpu7] c1_rectum_t1_v1: pose pair (0,1), elapsed 0.1s
[2026-09-24T22:42:38Z][gpu7] c1_rectum_t1_v1: pose pair (100,101), elapsed 14.2s
[2026-09-24T22:42:52Z][gpu7] c1_rectum_t1_v1: pose pair (200,201), elapsed 28.4s
[2026-09-24T22:42:53Z][gpu7] c1_rectum_t1_v1: pose pair (204,205), elapsed 29.0s
[2026-09-24T22:42:53Z][gpu7] c1_rectum_t1_v1: DONE in 50.2s, n_nonfinite_depth=0 n_nonfinite_pose=0
[2026-09-24T22:42:56Z][gpu7] c1_rectum_t1_v2: depth frame 0/382, elapsed 0.1s
[2026-09-24T22:43:06Z][gpu7] c1_rectum_t1_v2: depth frame 100/382, elapsed 9.9s
[2026-09-24T22:43:15Z][gpu7] c1_rectum_t1_v2: depth frame 200/382, elapsed 19.1s
[2026-09-24T22:43:24Z][gpu7] c1_rectum_t1_v2: depth frame 300/382, elapsed 28.0s
[2026-09-24T22:43:32Z][gpu7] c1_rectum_t1_v2: depth frame 382/382, elapsed 35.6s
[2026-09-24T22:43:32Z][gpu7] c1_rectum_t1_v2: pose pair (0,1), elapsed 0.2s
[2026-09-24T22:43:46Z][gpu7] c1_rectum_t1_v2: pose pair (100,101), elapsed 13.9s
[2026-09-24T22:43:59Z][gpu7] c1_rectum_t1_v2: pose pair (200,201), elapsed 26.6s
[2026-09-24T22:44:11Z][gpu7] c1_rectum_t1_v2: pose pair (300,301), elapsed 39.3s
[2026-09-24T22:44:22Z][gpu7] c1_rectum_t1_v2: pose pair (381,382), elapsed 50.4s
[2026-09-24T22:44:22Z][gpu7] c1_rectum_t1_v2: DONE in 89.1s, n_nonfinite_depth=0 n_nonfinite_pose=0
[2026-09-24T22:44:26Z][gpu7] c1_rectum_t1_v3: depth frame 0/382, elapsed 0.1s
[2026-09-24T22:44:36Z][gpu7] c1_rectum_t1_v3: depth frame 100/382, elapsed 10.2s
[2026-09-24T22:44:46Z][gpu7] c1_rectum_t1_v3: depth frame 200/382, elapsed 20.0s
[2026-09-24T22:44:57Z][gpu7] c1_rectum_t1_v3: depth frame 300/382, elapsed 30.5s
[2026-09-24T22:45:04Z][gpu7] c1_rectum_t1_v3: depth frame 382/382, elapsed 38.4s
[2026-09-24T22:45:05Z][gpu7] c1_rectum_t1_v3: pose pair (0,1), elapsed 0.1s
[2026-09-24T22:45:18Z][gpu7] c1_rectum_t1_v3: pose pair (100,101), elapsed 13.3s
[2026-09-24T22:45:31Z][gpu7] c1_rectum_t1_v3: pose pair (200,201), elapsed 26.7s
[2026-09-24T22:45:44Z][gpu7] c1_rectum_t1_v3: pose pair (300,301), elapsed 39.9s
[2026-09-24T22:45:55Z][gpu7] c1_rectum_t1_v3: pose pair (381,382), elapsed 50.5s
[2026-09-24T22:45:55Z][gpu7] c1_rectum_t1_v3: DONE in 92.2s, n_nonfinite_depth=0 n_nonfinite_pose=0
[2026-09-24T22:45:57Z][gpu7] c1_rectum_t2_v1: depth frame 0/164, elapsed 0.1s
[2026-09-24T22:46:07Z][gpu7] c1_rectum_t2_v1: depth frame 100/164, elapsed 9.6s
[2026-09-24T22:46:13Z][gpu7] c1_rectum_t2_v1: depth frame 164/164, elapsed 15.6s
[2026-09-24T22:46:13Z][gpu7] c1_rectum_t2_v1: pose pair (0,1), elapsed 0.2s
[2026-09-24T22:46:28Z][gpu7] c1_rectum_t2_v1: pose pair (100,101), elapsed 15.0s
[2026-09-24T22:46:37Z][gpu7] c1_rectum_t2_v1: pose pair (163,164), elapsed 24.2s
[2026-09-24T22:46:37Z][gpu7] c1_rectum_t2_v1: DONE in 41.6s, n_nonfinite_depth=0 n_nonfinite_pose=0
[2026-09-24T22:46:41Z][gpu7] c1_rectum_t2_v2: depth frame 0/365, elapsed 0.1s
[2026-09-24T22:46:50Z][gpu7] c1_rectum_t2_v2: depth frame 100/365, elapsed 9.6s
[2026-09-24T22:47:00Z][gpu7] c1_rectum_t2_v2: depth frame 200/365, elapsed 18.9s
[2026-09-24T22:47:09Z][gpu7] c1_rectum_t2_v2: depth frame 300/365, elapsed 28.2s
[2026-09-24T22:47:15Z][gpu7] c1_rectum_t2_v2: depth frame 365/365, elapsed 34.2s
[2026-09-24T22:47:15Z][gpu7] c1_rectum_t2_v2: pose pair (0,1), elapsed 0.1s
[2026-09-24T22:47:27Z][gpu7] c1_rectum_t2_v2: pose pair (100,101), elapsed 11.7s
[2026-09-24T22:47:40Z][gpu7] c1_rectum_t2_v2: pose pair (200,201), elapsed 25.5s
[2026-09-24T22:47:54Z][gpu7] c1_rectum_t2_v2: pose pair (300,301), elapsed 39.2s
[2026-09-24T22:48:03Z][gpu7] c1_rectum_t2_v2: pose pair (364,365), elapsed 47.9s
[2026-09-24T22:48:03Z][gpu7] c1_rectum_t2_v2: DONE in 85.9s, n_nonfinite_depth=0 n_nonfinite_pose=0
[2026-09-24T22:48:09Z][gpu7] c1_rectum_t2_v3: depth frame 0/365, elapsed 0.1s
[2026-09-24T22:48:19Z][gpu7] c1_rectum_t2_v3: depth frame 100/365, elapsed 9.5s
[2026-09-24T22:48:27Z][gpu7] c1_rectum_t2_v3: depth frame 200/365, elapsed 18.3s
[2026-09-24T22:48:36Z][gpu7] c1_rectum_t2_v3: depth frame 300/365, elapsed 27.1s
[2026-09-24T22:48:42Z][gpu7] c1_rectum_t2_v3: depth frame 365/365, elapsed 33.2s
[2026-09-24T22:48:42Z][gpu7] c1_rectum_t2_v3: pose pair (0,1), elapsed 0.2s
[2026-09-24T22:48:55Z][gpu7] c1_rectum_t2_v3: pose pair (100,101), elapsed 13.1s
[2026-09-24T22:49:07Z][gpu7] c1_rectum_t2_v3: pose pair (200,201), elapsed 25.0s
[2026-09-24T22:49:22Z][gpu7] c1_rectum_t2_v3: pose pair (300,301), elapsed 39.7s
[2026-09-24T22:49:32Z][gpu7] c1_rectum_t2_v3: pose pair (364,365), elapsed 49.3s
[2026-09-24T22:49:32Z][gpu7] c1_rectum_t2_v3: DONE in 88.3s, n_nonfinite_depth=0 n_nonfinite_pose=0
[2026-09-24T22:49:34Z][gpu7] c1_rectum_t3_v1: depth frame 0/246, elapsed 0.1s
[2026-09-24T22:49:44Z][gpu7] c1_rectum_t3_v1: depth frame 100/246, elapsed 9.2s
[2026-09-24T22:49:53Z][gpu7] c1_rectum_t3_v1: depth frame 200/246, elapsed 18.4s
[2026-09-24T22:49:57Z][gpu7] c1_rectum_t3_v1: depth frame 246/246, elapsed 22.3s
[2026-09-24T22:49:57Z][gpu7] c1_rectum_t3_v1: pose pair (0,1), elapsed 0.1s
[2026-09-24T22:50:11Z][gpu7] c1_rectum_t3_v1: pose pair (100,101), elapsed 13.9s
[2026-09-24T22:50:23Z][gpu7] c1_rectum_t3_v1: pose pair (200,201), elapsed 26.3s
[2026-09-24T22:50:29Z][gpu7] c1_rectum_t3_v1: pose pair (245,246), elapsed 32.6s
[2026-09-24T22:50:29Z][gpu7] c1_rectum_t3_v1: DONE in 57.4s, n_nonfinite_depth=0 n_nonfinite_pose=0
[2026-09-24T22:50:32Z][gpu7] c1_rectum_t3_v2: depth frame 0/219, elapsed 0.1s
[2026-09-24T22:50:41Z][gpu7] c1_rectum_t3_v2: depth frame 100/219, elapsed 9.1s
[2026-09-24T22:50:50Z][gpu7] c1_rectum_t3_v2: depth frame 200/219, elapsed 18.2s
[2026-09-24T22:50:52Z][gpu7] c1_rectum_t3_v2: depth frame 219/219, elapsed 20.0s
[2026-09-24T22:50:52Z][gpu7] c1_rectum_t3_v2: pose pair (0,1), elapsed 0.1s
[2026-09-24T22:51:05Z][gpu7] c1_rectum_t3_v2: pose pair (100,101), elapsed 13.4s
[2026-09-24T22:51:16Z][gpu7] c1_rectum_t3_v2: pose pair (200,201), elapsed 24.2s
[2026-09-24T22:51:18Z][gpu7] c1_rectum_t3_v2: pose pair (218,219), elapsed 26.7s
[2026-09-24T22:51:19Z][gpu7] c1_rectum_t3_v2: DONE in 48.9s, n_nonfinite_depth=0 n_nonfinite_pose=0
[2026-09-24T22:51:23Z][gpu7] c1_rectum_t3_v3: depth frame 0/219, elapsed 0.1s
[2026-09-24T22:51:32Z][gpu7] c1_rectum_t3_v3: depth frame 100/219, elapsed 9.6s
[2026-09-24T22:51:42Z][gpu7] c1_rectum_t3_v3: depth frame 200/219, elapsed 18.9s
[2026-09-24T22:51:44Z][gpu7] c1_rectum_t3_v3: depth frame 219/219, elapsed 20.7s
[2026-09-24T22:51:44Z][gpu7] c1_rectum_t3_v3: pose pair (0,1), elapsed 0.2s
[2026-09-24T22:51:58Z][gpu7] c1_rectum_t3_v3: pose pair (100,101), elapsed 14.2s
[2026-09-24T22:52:12Z][gpu7] c1_rectum_t3_v3: pose pair (200,201), elapsed 28.1s
[2026-09-24T22:52:15Z][gpu7] c1_rectum_t3_v3: pose pair (218,219), elapsed 31.5s
[2026-09-24T22:52:15Z][gpu7] c1_rectum_t3_v3: DONE in 56.3s, n_nonfinite_depth=0 n_nonfinite_pose=0
[2026-09-24T22:52:19Z][gpu7] c1_rectum_t4_v1: depth frame 0/323, elapsed 0.1s
[2026-09-24T22:52:28Z][gpu7] c1_rectum_t4_v1: depth frame 100/323, elapsed 9.1s
[2026-09-24T22:52:37Z][gpu7] c1_rectum_t4_v1: depth frame 200/323, elapsed 18.5s
[2026-09-24T22:52:46Z][gpu7] c1_rectum_t4_v1: depth frame 300/323, elapsed 27.8s
[2026-09-24T22:52:48Z][gpu7] c1_rectum_t4_v1: depth frame 323/323, elapsed 29.9s
[2026-09-24T22:52:49Z][gpu7] c1_rectum_t4_v1: pose pair (0,1), elapsed 0.2s
[2026-09-24T22:53:02Z][gpu7] c1_rectum_t4_v1: pose pair (100,101), elapsed 13.5s
[2026-09-24T22:53:16Z][gpu7] c1_rectum_t4_v1: pose pair (200,201), elapsed 27.0s
[2026-09-24T22:53:29Z][gpu7] c1_rectum_t4_v1: pose pair (300,301), elapsed 40.0s
[2026-09-24T22:53:31Z][gpu7] c1_rectum_t4_v1: pose pair (322,323), elapsed 42.5s
[2026-09-24T22:53:31Z][gpu7] c1_rectum_t4_v1: DONE in 75.8s, n_nonfinite_depth=0 n_nonfinite_pose=0
[2026-09-24T22:53:36Z][gpu7] c1_rectum_t4_v2: depth frame 0/456, elapsed 0.1s
[2026-09-24T22:53:45Z][gpu7] c1_rectum_t4_v2: depth frame 100/456, elapsed 9.4s
[2026-09-24T22:53:55Z][gpu7] c1_rectum_t4_v2: depth frame 200/456, elapsed 18.5s
[2026-09-24T22:54:04Z][gpu7] c1_rectum_t4_v2: depth frame 300/456, elapsed 27.9s
[2026-09-24T22:54:13Z][gpu7] c1_rectum_t4_v2: depth frame 400/456, elapsed 37.2s
[2026-09-24T22:54:19Z][gpu7] c1_rectum_t4_v2: depth frame 456/456, elapsed 42.7s
[2026-09-24T22:54:19Z][gpu7] c1_rectum_t4_v2: pose pair (0,1), elapsed 0.1s
[2026-09-24T22:54:30Z][gpu7] c1_rectum_t4_v2: pose pair (100,101), elapsed 11.7s
[2026-09-24T22:54:41Z][gpu7] c1_rectum_t4_v2: pose pair (200,201), elapsed 22.5s
[2026-09-24T22:54:55Z][gpu7] c1_rectum_t4_v2: pose pair (300,301), elapsed 36.8s
[2026-09-24T22:55:09Z][gpu7] c1_rectum_t4_v2: pose pair (400,401), elapsed 50.3s
[2026-09-24T22:55:17Z][gpu7] c1_rectum_t4_v2: pose pair (455,456), elapsed 58.2s
[2026-09-24T22:55:17Z][gpu7] c1_rectum_t4_v2: DONE in 105.7s, n_nonfinite_depth=0 n_nonfinite_pose=0
[2026-09-24T22:55:24Z][gpu7] c1_rectum_t4_v3: depth frame 0/456, elapsed 0.1s
[2026-09-24T22:55:34Z][gpu7] c1_rectum_t4_v3: depth frame 100/456, elapsed 9.9s
[2026-09-24T22:55:44Z][gpu7] c1_rectum_t4_v3: depth frame 200/456, elapsed 19.7s
[2026-09-24T22:55:54Z][gpu7] c1_rectum_t4_v3: depth frame 300/456, elapsed 29.6s
[2026-09-24T22:56:03Z][gpu7] c1_rectum_t4_v3: depth frame 400/456, elapsed 39.2s
[2026-09-24T22:56:09Z][gpu7] c1_rectum_t4_v3: depth frame 456/456, elapsed 44.8s
[2026-09-24T22:56:09Z][gpu7] c1_rectum_t4_v3: pose pair (0,1), elapsed 0.2s
[2026-09-24T22:56:23Z][gpu7] c1_rectum_t4_v3: pose pair (100,101), elapsed 13.6s
[2026-09-24T22:56:37Z][gpu7] c1_rectum_t4_v3: pose pair (200,201), elapsed 27.6s
[2026-09-24T22:56:51Z][gpu7] c1_rectum_t4_v3: pose pair (300,301), elapsed 42.3s
[2026-09-24T22:57:06Z][gpu7] c1_rectum_t4_v3: pose pair (400,401), elapsed 57.4s
[2026-09-24T22:57:14Z][gpu7] c1_rectum_t4_v3: pose pair (455,456), elapsed 65.2s
[2026-09-24T22:57:14Z][gpu7] c1_rectum_t4_v3: DONE in 116.7s, n_nonfinite_depth=0 n_nonfinite_pose=0
[2026-09-24T22:57:17Z][gpu7] c1_sigmoid1_t1_v1: depth frame 0/190, elapsed 0.1s
[2026-09-24T22:57:26Z][gpu7] c1_sigmoid1_t1_v1: depth frame 100/190, elapsed 9.5s
[2026-09-24T22:57:35Z][gpu7] c1_sigmoid1_t1_v1: depth frame 190/190, elapsed 17.9s
[2026-09-24T22:57:35Z][gpu7] c1_sigmoid1_t1_v1: pose pair (0,1), elapsed 0.1s
[2026-09-24T22:57:48Z][gpu7] c1_sigmoid1_t1_v1: pose pair (100,101), elapsed 13.4s
[2026-09-24T22:58:01Z][gpu7] c1_sigmoid1_t1_v1: pose pair (189,190), elapsed 26.7s
[2026-09-24T22:58:02Z][gpu7] c1_sigmoid1_t1_v1: DONE in 46.7s, n_nonfinite_depth=0 n_nonfinite_pose=0
[2026-09-24T22:58:05Z][gpu7] c1_sigmoid1_t1_v2: depth frame 0/306, elapsed 0.1s
[2026-09-24T22:58:14Z][gpu7] c1_sigmoid1_t1_v2: depth frame 100/306, elapsed 9.4s
[2026-09-24T22:58:24Z][gpu7] c1_sigmoid1_t1_v2: depth frame 200/306, elapsed 19.1s
[2026-09-24T22:58:33Z][gpu7] c1_sigmoid1_t1_v2: depth frame 300/306, elapsed 28.1s
[2026-09-24T22:58:33Z][gpu7] c1_sigmoid1_t1_v2: depth frame 306/306, elapsed 28.6s
[2026-09-24T22:58:33Z][gpu7] c1_sigmoid1_t1_v2: pose pair (0,1), elapsed 0.1s
[2026-09-24T22:58:44Z][gpu7] c1_sigmoid1_t1_v2: pose pair (100,101), elapsed 10.5s
[2026-09-24T22:58:55Z][gpu7] c1_sigmoid1_t1_v2: pose pair (200,201), elapsed 21.2s
[2026-09-24T22:59:07Z][gpu7] c1_sigmoid1_t1_v2: pose pair (300,301), elapsed 34.0s
[2026-09-24T22:59:08Z][gpu7] c1_sigmoid1_t1_v2: pose pair (305,306), elapsed 34.5s
[2026-09-24T22:59:08Z][gpu7] c1_sigmoid1_t1_v2: DONE in 66.3s, n_nonfinite_depth=0 n_nonfinite_pose=0
[2026-09-24T22:59:12Z][gpu7] c1_sigmoid1_t1_v3: depth frame 0/306, elapsed 0.1s
[2026-09-24T22:59:21Z][gpu7] c1_sigmoid1_t1_v3: depth frame 100/306, elapsed 9.7s
[2026-09-24T22:59:31Z][gpu7] c1_sigmoid1_t1_v3: depth frame 200/306, elapsed 19.2s
[2026-09-24T22:59:41Z][gpu7] c1_sigmoid1_t1_v3: depth frame 300/306, elapsed 29.2s
[2026-09-24T22:59:41Z][gpu7] c1_sigmoid1_t1_v3: depth frame 306/306, elapsed 29.9s
[2026-09-24T22:59:42Z][gpu7] c1_sigmoid1_t1_v3: pose pair (0,1), elapsed 0.2s
[2026-09-24T22:59:53Z][gpu7] c1_sigmoid1_t1_v3: pose pair (100,101), elapsed 12.1s
[2026-09-24T23:00:06Z][gpu7] c1_sigmoid1_t1_v3: pose pair (200,201), elapsed 25.1s
[2026-09-24T23:00:21Z][gpu7] c1_sigmoid1_t1_v3: pose pair (300,301), elapsed 39.3s
[2026-09-24T23:00:22Z][gpu7] c1_sigmoid1_t1_v3: pose pair (305,306), elapsed 40.3s
[2026-09-24T23:00:22Z][gpu7] c1_sigmoid1_t1_v3: DONE in 73.4s, n_nonfinite_depth=0 n_nonfinite_pose=0
[2026-09-24T23:00:26Z][gpu7] c1_sigmoid1_t2_v1: depth frame 0/353, elapsed 0.1s
[2026-09-24T23:00:36Z][gpu7] c1_sigmoid1_t2_v1: depth frame 100/353, elapsed 9.6s
[2026-09-24T23:00:46Z][gpu7] c1_sigmoid1_t2_v1: depth frame 200/353, elapsed 19.1s
[2026-09-24T23:00:56Z][gpu7] c1_sigmoid1_t2_v1: depth frame 300/353, elapsed 29.6s
[2026-09-24T23:01:01Z][gpu7] c1_sigmoid1_t2_v1: depth frame 353/353, elapsed 34.7s
[2026-09-24T23:01:01Z][gpu7] c1_sigmoid1_t2_v1: pose pair (0,1), elapsed 0.1s
[2026-09-24T23:01:16Z][gpu7] c1_sigmoid1_t2_v1: pose pair (100,101), elapsed 14.9s
[2026-09-24T23:01:31Z][gpu7] c1_sigmoid1_t2_v1: pose pair (200,201), elapsed 29.5s
[2026-09-24T23:01:45Z][gpu7] c1_sigmoid1_t2_v1: pose pair (300,301), elapsed 44.3s
[2026-09-24T23:01:54Z][gpu7] c1_sigmoid1_t2_v1: pose pair (352,353), elapsed 52.6s
[2026-09-24T23:01:54Z][gpu7] c1_sigmoid1_t2_v1: DONE in 91.7s, n_nonfinite_depth=0 n_nonfinite_pose=0
[2026-09-24T23:01:57Z][gpu7] c1_sigmoid1_t2_v2: depth frame 0/285, elapsed 0.1s
[2026-09-24T23:02:07Z][gpu7] c1_sigmoid1_t2_v2: depth frame 100/285, elapsed 10.1s
[2026-09-24T23:02:17Z][gpu7] c1_sigmoid1_t2_v2: depth frame 200/285, elapsed 20.0s
[2026-09-24T23:02:26Z][gpu7] c1_sigmoid1_t2_v2: depth frame 285/285, elapsed 28.7s
[2026-09-24T23:02:26Z][gpu7] c1_sigmoid1_t2_v2: pose pair (0,1), elapsed 0.1s
[2026-09-24T23:02:40Z][gpu7] c1_sigmoid1_t2_v2: pose pair (100,101), elapsed 13.9s
[2026-09-24T23:02:54Z][gpu7] c1_sigmoid1_t2_v2: pose pair (200,201), elapsed 27.5s
[2026-09-24T23:03:06Z][gpu7] c1_sigmoid1_t2_v2: pose pair (284,285), elapsed 40.1s
[2026-09-24T23:03:06Z][gpu7] c1_sigmoid1_t2_v2: DONE in 72.0s, n_nonfinite_depth=0 n_nonfinite_pose=0
[2026-09-24T23:03:11Z][gpu7] c1_sigmoid1_t2_v3: depth frame 0/285, elapsed 0.1s
[2026-09-24T23:03:20Z][gpu7] c1_sigmoid1_t2_v3: depth frame 100/285, elapsed 10.1s
[2026-09-24T23:03:30Z][gpu7] c1_sigmoid1_t2_v3: depth frame 200/285, elapsed 19.5s
[2026-09-24T23:03:39Z][gpu7] c1_sigmoid1_t2_v3: depth frame 285/285, elapsed 28.2s
[2026-09-24T23:03:39Z][gpu7] c1_sigmoid1_t2_v3: pose pair (0,1), elapsed 0.2s
[2026-09-24T23:03:51Z][gpu7] c1_sigmoid1_t2_v3: pose pair (100,101), elapsed 12.8s
[2026-09-24T23:04:06Z][gpu7] c1_sigmoid1_t2_v3: pose pair (200,201), elapsed 27.7s
[2026-09-24T23:04:20Z][gpu7] c1_sigmoid1_t2_v3: pose pair (284,285), elapsed 41.4s
[2026-09-24T23:04:20Z][gpu7] c1_sigmoid1_t2_v3: DONE in 73.6s, n_nonfinite_depth=0 n_nonfinite_pose=0
[2026-09-24T23:04:26Z][gpu7] c1_sigmoid1_t3_v1: depth frame 0/329, elapsed 0.1s
[2026-09-24T23:04:36Z][gpu7] c1_sigmoid1_t3_v1: depth frame 100/329, elapsed 10.0s
[2026-09-24T23:04:46Z][gpu7] c1_sigmoid1_t3_v1: depth frame 200/329, elapsed 19.8s
[2026-09-24T23:04:56Z][gpu7] c1_sigmoid1_t3_v1: depth frame 300/329, elapsed 30.6s
[2026-09-24T23:04:59Z][gpu7] c1_sigmoid1_t3_v1: depth frame 329/329, elapsed 33.6s
[2026-09-24T23:05:00Z][gpu7] c1_sigmoid1_t3_v1: pose pair (0,1), elapsed 0.2s
[2026-09-24T23:05:14Z][gpu7] c1_sigmoid1_t3_v1: pose pair (100,101), elapsed 14.9s
[2026-09-24T23:05:29Z][gpu7] c1_sigmoid1_t3_v1: pose pair (200,201), elapsed 29.2s
[2026-09-24T23:05:44Z][gpu7] c1_sigmoid1_t3_v1: pose pair (300,301), elapsed 44.7s
[2026-09-24T23:05:48Z][gpu7] c1_sigmoid1_t3_v1: pose pair (328,329), elapsed 48.5s
[2026-09-24T23:05:48Z][gpu7] c1_sigmoid1_t3_v1: DONE in 87.6s, n_nonfinite_depth=0 n_nonfinite_pose=0
[2026-09-24T23:05:55Z][gpu7] c1_sigmoid1_t3_v2: depth frame 0/463, elapsed 0.1s
[2026-09-24T23:06:05Z][gpu7] c1_sigmoid1_t3_v2: depth frame 100/463, elapsed 10.0s
[2026-09-24T23:06:14Z][gpu7] c1_sigmoid1_t3_v2: depth frame 200/463, elapsed 19.7s
[2026-09-24T23:06:24Z][gpu7] c1_sigmoid1_t3_v2: depth frame 300/463, elapsed 29.2s
[2026-09-24T23:06:33Z][gpu7] c1_sigmoid1_t3_v2: depth frame 400/463, elapsed 38.7s
[2026-09-24T23:06:39Z][gpu7] c1_sigmoid1_t3_v2: depth frame 463/463, elapsed 44.7s
[2026-09-24T23:06:39Z][gpu7] c1_sigmoid1_t3_v2: pose pair (0,1), elapsed 0.2s
[2026-09-24T23:06:54Z][gpu7] c1_sigmoid1_t3_v2: pose pair (100,101), elapsed 14.5s
[2026-09-24T23:07:07Z][gpu7] c1_sigmoid1_t3_v2: pose pair (200,201), elapsed 27.7s
[2026-09-24T23:07:21Z][gpu7] c1_sigmoid1_t3_v2: pose pair (300,301), elapsed 41.3s
[2026-09-24T23:07:32Z][gpu7] c1_sigmoid1_t3_v2: pose pair (400,401), elapsed 52.6s
[2026-09-24T23:07:41Z][gpu7] c1_sigmoid1_t3_v2: pose pair (462,463), elapsed 61.7s
[2026-09-24T23:07:41Z][gpu7] c1_sigmoid1_t3_v2: DONE in 112.7s, n_nonfinite_depth=0 n_nonfinite_pose=0
[2026-09-24T23:07:49Z][gpu7] c1_sigmoid1_t3_v3: depth frame 0/463, elapsed 0.1s
[2026-09-24T23:07:58Z][gpu7] c1_sigmoid1_t3_v3: depth frame 100/463, elapsed 9.6s
[2026-09-24T23:08:08Z][gpu7] c1_sigmoid1_t3_v3: depth frame 200/463, elapsed 19.1s
[2026-09-24T23:08:17Z][gpu7] c1_sigmoid1_t3_v3: depth frame 300/463, elapsed 28.7s
[2026-09-24T23:08:27Z][gpu7] c1_sigmoid1_t3_v3: depth frame 400/463, elapsed 37.8s
[2026-09-24T23:08:33Z][gpu7] c1_sigmoid1_t3_v3: depth frame 463/463, elapsed 43.9s
[2026-09-24T23:08:33Z][gpu7] c1_sigmoid1_t3_v3: pose pair (0,1), elapsed 0.2s
[2026-09-24T23:08:45Z][gpu7] c1_sigmoid1_t3_v3: pose pair (100,101), elapsed 12.0s
[2026-09-24T23:08:57Z][gpu7] c1_sigmoid1_t3_v3: pose pair (200,201), elapsed 24.7s
[2026-09-24T23:09:10Z][gpu7] c1_sigmoid1_t3_v3: pose pair (300,301), elapsed 37.1s
[2026-09-24T23:09:23Z][gpu7] c1_sigmoid1_t3_v3: pose pair (400,401), elapsed 50.1s
[2026-09-24T23:09:32Z][gpu7] c1_sigmoid1_t3_v3: pose pair (462,463), elapsed 59.6s
[2026-09-24T23:09:32Z][gpu7] c1_sigmoid1_t3_v3: DONE in 111.0s, n_nonfinite_depth=0 n_nonfinite_pose=0
[2026-09-24T23:09:39Z][gpu7] c1_sigmoid1_t4_v1: depth frame 0/446, elapsed 0.1s
[2026-09-24T23:09:48Z][gpu7] c1_sigmoid1_t4_v1: depth frame 100/446, elapsed 9.6s
[2026-09-24T23:09:58Z][gpu7] c1_sigmoid1_t4_v1: depth frame 200/446, elapsed 19.0s
[2026-09-24T23:10:08Z][gpu7] c1_sigmoid1_t4_v1: depth frame 300/446, elapsed 29.0s
[2026-09-24T23:10:17Z][gpu7] c1_sigmoid1_t4_v1: depth frame 400/446, elapsed 38.8s
[2026-09-24T23:10:22Z][gpu7] c1_sigmoid1_t4_v1: depth frame 446/446, elapsed 43.1s
[2026-09-24T23:10:22Z][gpu7] c1_sigmoid1_t4_v1: pose pair (0,1), elapsed 0.2s
[2026-09-24T23:10:36Z][gpu7] c1_sigmoid1_t4_v1: pose pair (100,101), elapsed 14.0s
[2026-09-24T23:10:50Z][gpu7] c1_sigmoid1_t4_v1: pose pair (200,201), elapsed 28.1s
[2026-09-24T23:11:05Z][gpu7] c1_sigmoid1_t4_v1: pose pair (300,301), elapsed 43.3s
[2026-09-24T23:11:21Z][gpu7] c1_sigmoid1_t4_v1: pose pair (400,401), elapsed 58.9s
[2026-09-24T23:11:28Z][gpu7] c1_sigmoid1_t4_v1: pose pair (445,446), elapsed 66.0s
[2026-09-24T23:11:28Z][gpu7] c1_sigmoid1_t4_v1: DONE in 115.0s, n_nonfinite_depth=0 n_nonfinite_pose=0
[2026-09-24T23:11:39Z][gpu7] c1_sigmoid1_t4_v2: depth frame 0/707, elapsed 0.1s
[2026-09-24T23:11:49Z][gpu7] c1_sigmoid1_t4_v2: depth frame 100/707, elapsed 10.1s
[2026-09-24T23:11:58Z][gpu7] c1_sigmoid1_t4_v2: depth frame 200/707, elapsed 19.6s
[2026-09-24T23:12:09Z][gpu7] c1_sigmoid1_t4_v2: depth frame 300/707, elapsed 30.7s
[2026-09-24T23:12:21Z][gpu7] c1_sigmoid1_t4_v2: depth frame 400/707, elapsed 42.2s
[2026-09-24T23:12:32Z][gpu7] c1_sigmoid1_t4_v2: depth frame 500/707, elapsed 53.5s
[2026-09-24T23:12:43Z][gpu7] c1_sigmoid1_t4_v2: depth frame 600/707, elapsed 64.1s
[2026-09-24T23:12:54Z][gpu7] c1_sigmoid1_t4_v2: depth frame 700/707, elapsed 74.8s
[2026-09-24T23:12:54Z][gpu7] c1_sigmoid1_t4_v2: depth frame 707/707, elapsed 75.6s
[2026-09-24T23:12:55Z][gpu7] c1_sigmoid1_t4_v2: pose pair (0,1), elapsed 0.2s
[2026-09-24T23:13:08Z][gpu7] c1_sigmoid1_t4_v2: pose pair (100,101), elapsed 13.3s
[2026-09-24T23:13:20Z][gpu7] c1_sigmoid1_t4_v2: pose pair (200,201), elapsed 26.0s
[2026-09-24T23:13:37Z][gpu7] c1_sigmoid1_t4_v2: pose pair (300,301), elapsed 42.4s
[2026-09-24T23:13:53Z][gpu7] c1_sigmoid1_t4_v2: pose pair (400,401), elapsed 58.6s
[2026-09-24T23:14:06Z][gpu7] c1_sigmoid1_t4_v2: pose pair (500,501), elapsed 71.6s
[2026-09-24T23:14:21Z][gpu7] c1_sigmoid1_t4_v2: pose pair (600,601), elapsed 86.9s
[2026-09-24T23:14:35Z][gpu7] c1_sigmoid1_t4_v2: pose pair (700,701), elapsed 100.9s
[2026-09-24T23:14:36Z][gpu7] c1_sigmoid1_t4_v2: pose pair (706,707), elapsed 101.5s
[2026-09-24T23:14:36Z][gpu7] c1_sigmoid1_t4_v2: DONE in 187.6s, n_nonfinite_depth=0 n_nonfinite_pose=0
[2026-09-24T23:14:50Z][gpu7] c1_sigmoid1_t4_v3: depth frame 0/707, elapsed 0.1s
[2026-09-24T23:15:00Z][gpu7] c1_sigmoid1_t4_v3: depth frame 100/707, elapsed 10.4s
[2026-09-24T23:15:11Z][gpu7] c1_sigmoid1_t4_v3: depth frame 200/707, elapsed 21.0s
[2026-09-24T23:15:22Z][gpu7] c1_sigmoid1_t4_v3: depth frame 300/707, elapsed 32.1s
[2026-09-24T23:15:33Z][gpu7] c1_sigmoid1_t4_v3: depth frame 400/707, elapsed 43.4s
[2026-09-24T23:15:43Z][gpu7] c1_sigmoid1_t4_v3: depth frame 500/707, elapsed 53.3s
[2026-09-24T23:15:54Z][gpu7] c1_sigmoid1_t4_v3: depth frame 600/707, elapsed 63.6s
[2026-09-24T23:16:03Z][gpu7] c1_sigmoid1_t4_v3: depth frame 700/707, elapsed 73.0s
[2026-09-24T23:16:04Z][gpu7] c1_sigmoid1_t4_v3: depth frame 707/707, elapsed 73.8s
[2026-09-24T23:16:04Z][gpu7] c1_sigmoid1_t4_v3: pose pair (0,1), elapsed 0.2s
[2026-09-24T23:16:18Z][gpu7] c1_sigmoid1_t4_v3: pose pair (100,101), elapsed 14.0s
[2026-09-24T23:16:31Z][gpu7] c1_sigmoid1_t4_v3: pose pair (200,201), elapsed 26.8s
[2026-09-24T23:16:44Z][gpu7] c1_sigmoid1_t4_v3: pose pair (300,301), elapsed 40.7s
[2026-09-24T23:17:02Z][gpu7] c1_sigmoid1_t4_v3: pose pair (400,401), elapsed 58.1s
[2026-09-24T23:17:17Z][gpu7] c1_sigmoid1_t4_v3: pose pair (500,501), elapsed 73.4s
[2026-09-24T23:17:34Z][gpu7] c1_sigmoid1_t4_v3: pose pair (600,601), elapsed 90.3s
[2026-09-24T23:17:46Z][gpu7] c1_sigmoid1_t4_v3: pose pair (700,701), elapsed 102.3s
[2026-09-24T23:17:47Z][gpu7] c1_sigmoid1_t4_v3: pose pair (706,707), elapsed 103.0s
[2026-09-24T23:17:47Z][gpu7] c1_sigmoid1_t4_v3: DONE in 190.1s, n_nonfinite_depth=0 n_nonfinite_pose=0
[2026-09-24T23:17:49Z][gpu7] c1_sigmoid2_t1_v1: depth frame 0/131, elapsed 0.1s
[2026-09-24T23:17:58Z][gpu7] c1_sigmoid2_t1_v1: depth frame 100/131, elapsed 9.2s
[2026-09-24T23:18:01Z][gpu7] c1_sigmoid2_t1_v1: depth frame 131/131, elapsed 11.9s
[2026-09-24T23:18:01Z][gpu7] c1_sigmoid2_t1_v1: pose pair (0,1), elapsed 0.2s
[2026-09-24T23:18:13Z][gpu7] c1_sigmoid2_t1_v1: pose pair (100,101), elapsed 11.9s
[2026-09-24T23:18:17Z][gpu7] c1_sigmoid2_t1_v1: pose pair (130,131), elapsed 16.1s
[2026-09-24T23:18:17Z][gpu7] c1_sigmoid2_t1_v1: DONE in 29.5s, n_nonfinite_depth=0 n_nonfinite_pose=0
[2026-09-24T23:18:19Z][gpu7] c1_sigmoid2_t1_v2: depth frame 0/151, elapsed 0.1s
[2026-09-24T23:18:28Z][gpu7] c1_sigmoid2_t1_v2: depth frame 100/151, elapsed 9.3s
[2026-09-24T23:18:33Z][gpu7] c1_sigmoid2_t1_v2: depth frame 151/151, elapsed 14.1s
[2026-09-24T23:18:33Z][gpu7] c1_sigmoid2_t1_v2: pose pair (0,1), elapsed 0.2s
[2026-09-24T23:18:46Z][gpu7] c1_sigmoid2_t1_v2: pose pair (100,101), elapsed 13.2s
[2026-09-24T23:18:53Z][gpu7] c1_sigmoid2_t1_v2: pose pair (150,151), elapsed 19.9s
[2026-09-24T23:18:53Z][gpu7] c1_sigmoid2_t1_v2: DONE in 35.6s, n_nonfinite_depth=0 n_nonfinite_pose=0
[2026-09-24T23:18:55Z][gpu7] c1_sigmoid2_t1_v3: depth frame 0/151, elapsed 0.1s
[2026-09-24T23:19:04Z][gpu7] c1_sigmoid2_t1_v3: depth frame 100/151, elapsed 9.5s
[2026-09-24T23:19:10Z][gpu7] c1_sigmoid2_t1_v3: depth frame 151/151, elapsed 15.1s
[2026-09-24T23:19:10Z][gpu7] c1_sigmoid2_t1_v3: pose pair (0,1), elapsed 0.2s
[2026-09-24T23:19:24Z][gpu7] c1_sigmoid2_t1_v3: pose pair (100,101), elapsed 14.2s
[2026-09-24T23:19:32Z][gpu7] c1_sigmoid2_t1_v3: pose pair (150,151), elapsed 21.9s
[2026-09-24T23:19:32Z][gpu7] c1_sigmoid2_t1_v3: DONE in 39.1s, n_nonfinite_depth=0 n_nonfinite_pose=0
[2026-09-24T23:19:36Z][gpu7] c1_sigmoid2_t2_v1: depth frame 0/399, elapsed 0.1s
[2026-09-24T23:19:46Z][gpu7] c1_sigmoid2_t2_v1: depth frame 100/399, elapsed 9.6s
[2026-09-24T23:19:55Z][gpu7] c1_sigmoid2_t2_v1: depth frame 200/399, elapsed 18.6s
[2026-09-24T23:20:05Z][gpu7] c1_sigmoid2_t2_v1: depth frame 300/399, elapsed 28.8s
[2026-09-24T23:20:15Z][gpu7] c1_sigmoid2_t2_v1: depth frame 399/399, elapsed 38.5s
[2026-09-24T23:20:15Z][gpu7] c1_sigmoid2_t2_v1: pose pair (0,1), elapsed 0.1s
[2026-09-24T23:20:28Z][gpu7] c1_sigmoid2_t2_v1: pose pair (100,101), elapsed 13.6s
[2026-09-24T23:20:42Z][gpu7] c1_sigmoid2_t2_v1: pose pair (200,201), elapsed 27.3s
[2026-09-24T23:20:55Z][gpu7] c1_sigmoid2_t2_v1: pose pair (300,301), elapsed 40.3s
[2026-09-24T23:21:09Z][gpu7] c1_sigmoid2_t2_v1: pose pair (398,399), elapsed 54.7s
[2026-09-24T23:21:09Z][gpu7] c1_sigmoid2_t2_v1: DONE in 97.3s, n_nonfinite_depth=0 n_nonfinite_pose=0
[2026-09-24T23:21:12Z][gpu7] c1_sigmoid2_t2_v2: depth frame 0/238, elapsed 0.1s
[2026-09-24T23:21:22Z][gpu7] c1_sigmoid2_t2_v2: depth frame 100/238, elapsed 9.9s
[2026-09-24T23:21:32Z][gpu7] c1_sigmoid2_t2_v2: depth frame 200/238, elapsed 20.1s
[2026-09-24T23:21:36Z][gpu7] c1_sigmoid2_t2_v2: depth frame 238/238, elapsed 23.9s
[2026-09-24T23:21:36Z][gpu7] c1_sigmoid2_t2_v2: pose pair (0,1), elapsed 0.2s
[2026-09-24T23:21:50Z][gpu7] c1_sigmoid2_t2_v2: pose pair (100,101), elapsed 14.1s
[2026-09-24T23:22:04Z][gpu7] c1_sigmoid2_t2_v2: pose pair (200,201), elapsed 27.9s
[2026-09-24T23:22:09Z][gpu7] c1_sigmoid2_t2_v2: pose pair (237,238), elapsed 33.2s
[2026-09-24T23:22:09Z][gpu7] c1_sigmoid2_t2_v2: DONE in 59.6s, n_nonfinite_depth=0 n_nonfinite_pose=0
[2026-09-24T23:22:13Z][gpu7] c1_sigmoid2_t2_v3: depth frame 0/238, elapsed 0.1s
[2026-09-24T23:22:24Z][gpu7] c1_sigmoid2_t2_v3: depth frame 100/238, elapsed 10.4s
[2026-09-24T23:22:34Z][gpu7] c1_sigmoid2_t2_v3: depth frame 200/238, elapsed 20.5s
[2026-09-24T23:22:38Z][gpu7] c1_sigmoid2_t2_v3: depth frame 238/238, elapsed 24.3s
[2026-09-24T23:22:38Z][gpu7] c1_sigmoid2_t2_v3: pose pair (0,1), elapsed 0.2s
[2026-09-24T23:22:53Z][gpu7] c1_sigmoid2_t2_v3: pose pair (100,101), elapsed 15.8s
[2026-09-24T23:23:09Z][gpu7] c1_sigmoid2_t2_v3: pose pair (200,201), elapsed 30.9s
[2026-09-24T23:23:14Z][gpu7] c1_sigmoid2_t2_v3: pose pair (237,238), elapsed 36.3s
[2026-09-24T23:23:14Z][gpu7] c1_sigmoid2_t2_v3: DONE in 64.5s, n_nonfinite_depth=0 n_nonfinite_pose=0
[2026-09-24T23:23:16Z][gpu7] c1_sigmoid2_t3_v1: depth frame 0/254, elapsed 0.1s
[2026-09-24T23:23:25Z][gpu7] c1_sigmoid2_t3_v1: depth frame 100/254, elapsed 9.2s
[2026-09-24T23:23:35Z][gpu7] c1_sigmoid2_t3_v1: depth frame 200/254, elapsed 18.5s
[2026-09-24T23:23:40Z][gpu7] c1_sigmoid2_t3_v1: depth frame 254/254, elapsed 23.5s
[2026-09-24T23:23:40Z][gpu7] c1_sigmoid2_t3_v1: pose pair (0,1), elapsed 0.2s
[2026-09-24T23:23:53Z][gpu7] c1_sigmoid2_t3_v1: pose pair (100,101), elapsed 12.8s
[2026-09-24T23:24:06Z][gpu7] c1_sigmoid2_t3_v1: pose pair (200,201), elapsed 26.6s
[2026-09-24T23:24:13Z][gpu7] c1_sigmoid2_t3_v1: pose pair (253,254), elapsed 33.5s
[2026-09-24T23:24:13Z][gpu7] c1_sigmoid2_t3_v1: DONE in 59.0s, n_nonfinite_depth=0 n_nonfinite_pose=0
[2026-09-24T23:24:15Z][gpu7] c1_sigmoid2_t3_v2: depth frame 0/242, elapsed 0.1s
[2026-09-24T23:24:24Z][gpu7] c1_sigmoid2_t3_v2: depth frame 100/242, elapsed 9.0s
[2026-09-24T23:24:34Z][gpu7] c1_sigmoid2_t3_v2: depth frame 200/242, elapsed 18.7s
[2026-09-24T23:24:39Z][gpu7] c1_sigmoid2_t3_v2: depth frame 242/242, elapsed 23.2s
[2026-09-24T23:24:39Z][gpu7] c1_sigmoid2_t3_v2: pose pair (0,1), elapsed 0.1s
[2026-09-24T23:24:51Z][gpu7] c1_sigmoid2_t3_v2: pose pair (100,101), elapsed 12.0s
[2026-09-24T23:25:03Z][gpu7] c1_sigmoid2_t3_v2: pose pair (200,201), elapsed 24.7s
[2026-09-24T23:25:10Z][gpu7] c1_sigmoid2_t3_v2: pose pair (241,242), elapsed 31.2s
[2026-09-24T23:25:10Z][gpu7] c1_sigmoid2_t3_v2: DONE in 56.2s, n_nonfinite_depth=0 n_nonfinite_pose=0
[2026-09-24T23:25:12Z][gpu7] c1_sigmoid2_t3_v3: depth frame 0/242, elapsed 0.1s
[2026-09-24T23:25:21Z][gpu7] c1_sigmoid2_t3_v3: depth frame 100/242, elapsed 9.3s
[2026-09-24T23:25:31Z][gpu7] c1_sigmoid2_t3_v3: depth frame 200/242, elapsed 19.0s
[2026-09-24T23:25:35Z][gpu7] c1_sigmoid2_t3_v3: depth frame 242/242, elapsed 23.3s
[2026-09-24T23:25:36Z][gpu7] c1_sigmoid2_t3_v3: pose pair (0,1), elapsed 0.2s
[2026-09-24T23:25:50Z][gpu7] c1_sigmoid2_t3_v3: pose pair (100,101), elapsed 14.8s
[2026-09-24T23:26:03Z][gpu7] c1_sigmoid2_t3_v3: pose pair (200,201), elapsed 27.7s
[2026-09-24T23:26:10Z][gpu7] c1_sigmoid2_t3_v3: pose pair (241,242), elapsed 34.6s
[2026-09-24T23:26:10Z][gpu7] c1_sigmoid2_t3_v3: DONE in 60.1s, n_nonfinite_depth=0 n_nonfinite_pose=0
[2026-09-24T23:26:15Z][gpu7] c1_sigmoid2_t4_v1: depth frame 0/389, elapsed 0.1s
[2026-09-24T23:26:23Z][gpu7] c1_sigmoid2_t4_v1: depth frame 100/389, elapsed 9.0s
[2026-09-24T23:26:32Z][gpu7] c1_sigmoid2_t4_v1: depth frame 200/389, elapsed 17.9s
[2026-09-24T23:26:42Z][gpu7] c1_sigmoid2_t4_v1: depth frame 300/389, elapsed 27.3s
[2026-09-24T23:26:50Z][gpu7] c1_sigmoid2_t4_v1: depth frame 389/389, elapsed 35.7s
[2026-09-24T23:26:50Z][gpu7] c1_sigmoid2_t4_v1: pose pair (0,1), elapsed 0.1s
[2026-09-24T23:27:03Z][gpu7] c1_sigmoid2_t4_v1: pose pair (100,101), elapsed 12.9s
[2026-09-24T23:27:17Z][gpu7] c1_sigmoid2_t4_v1: pose pair (200,201), elapsed 26.8s
[2026-09-24T23:27:31Z][gpu7] c1_sigmoid2_t4_v1: pose pair (300,301), elapsed 40.4s
[2026-09-24T23:27:42Z][gpu7] c1_sigmoid2_t4_v1: pose pair (388,389), elapsed 51.9s
[2026-09-24T23:27:42Z][gpu7] c1_sigmoid2_t4_v1: DONE in 91.7s, n_nonfinite_depth=0 n_nonfinite_pose=0
[2026-09-24T23:27:47Z][gpu7] c1_sigmoid2_t4_v2: depth frame 0/427, elapsed 0.1s
[2026-09-24T23:27:57Z][gpu7] c1_sigmoid2_t4_v2: depth frame 100/427, elapsed 9.7s
[2026-09-24T23:28:07Z][gpu7] c1_sigmoid2_t4_v2: depth frame 200/427, elapsed 19.7s
[2026-09-24T23:28:16Z][gpu7] c1_sigmoid2_t4_v2: depth frame 300/427, elapsed 29.2s
[2026-09-24T23:28:25Z][gpu7] c1_sigmoid2_t4_v2: depth frame 400/427, elapsed 38.4s
[2026-09-24T23:28:28Z][gpu7] c1_sigmoid2_t4_v2: depth frame 427/427, elapsed 40.8s
[2026-09-24T23:28:28Z][gpu7] c1_sigmoid2_t4_v2: pose pair (0,1), elapsed 0.1s
[2026-09-24T23:28:41Z][gpu7] c1_sigmoid2_t4_v2: pose pair (100,101), elapsed 13.7s
[2026-09-24T23:28:55Z][gpu7] c1_sigmoid2_t4_v2: pose pair (200,201), elapsed 27.7s
[2026-09-24T23:29:09Z][gpu7] c1_sigmoid2_t4_v2: pose pair (300,301), elapsed 41.0s
[2026-09-24T23:29:23Z][gpu7] c1_sigmoid2_t4_v2: pose pair (400,401), elapsed 55.1s
[2026-09-24T23:29:27Z][gpu7] c1_sigmoid2_t4_v2: pose pair (426,427), elapsed 59.0s
[2026-09-24T23:29:27Z][gpu7] c1_sigmoid2_t4_v2: DONE in 104.3s, n_nonfinite_depth=0 n_nonfinite_pose=0
[2026-09-24T23:29:33Z][gpu7] c1_sigmoid2_t4_v3: depth frame 0/427, elapsed 0.1s
[2026-09-24T23:29:43Z][gpu7] c1_sigmoid2_t4_v3: depth frame 100/427, elapsed 10.3s
[2026-09-24T23:29:53Z][gpu7] c1_sigmoid2_t4_v3: depth frame 200/427, elapsed 20.0s
[2026-09-24T23:30:03Z][gpu7] c1_sigmoid2_t4_v3: depth frame 300/427, elapsed 29.7s
[2026-09-24T23:30:13Z][gpu7] c1_sigmoid2_t4_v3: depth frame 400/427, elapsed 39.9s
[2026-09-24T23:30:15Z][gpu7] c1_sigmoid2_t4_v3: depth frame 427/427, elapsed 42.5s
[2026-09-24T23:30:16Z][gpu7] c1_sigmoid2_t4_v3: pose pair (0,1), elapsed 0.1s
[2026-09-24T23:30:30Z][gpu7] c1_sigmoid2_t4_v3: pose pair (100,101), elapsed 14.4s
[2026-09-24T23:30:41Z][gpu7] c1_sigmoid2_t4_v3: pose pair (200,201), elapsed 25.5s
[2026-09-24T23:30:52Z][gpu7] c1_sigmoid2_t4_v3: pose pair (300,301), elapsed 36.4s
[2026-09-24T23:31:06Z][gpu7] c1_sigmoid2_t4_v3: pose pair (400,401), elapsed 50.9s
[2026-09-24T23:31:09Z][gpu7] c1_sigmoid2_t4_v3: pose pair (426,427), elapsed 53.7s
[2026-09-24T23:31:09Z][gpu7] c1_sigmoid2_t4_v3: DONE in 102.0s, n_nonfinite_depth=0 n_nonfinite_pose=0
[2026-09-24T23:31:12Z][gpu7] c1_transverse1_t1_v1: depth frame 0/155, elapsed 0.1s
[2026-09-24T23:31:22Z][gpu7] c1_transverse1_t1_v1: depth frame 100/155, elapsed 9.9s
[2026-09-24T23:31:28Z][gpu7] c1_transverse1_t1_v1: depth frame 155/155, elapsed 15.3s
[2026-09-24T23:31:28Z][gpu7] c1_transverse1_t1_v1: pose pair (0,1), elapsed 0.1s
[2026-09-24T23:31:42Z][gpu7] c1_transverse1_t1_v1: pose pair (100,101), elapsed 14.5s
[2026-09-24T23:31:48Z][gpu7] c1_transverse1_t1_v1: pose pair (154,155), elapsed 20.9s
[2026-09-24T23:31:49Z][gpu7] c1_transverse1_t1_v1: DONE in 38.8s, n_nonfinite_depth=0 n_nonfinite_pose=0
[2026-09-24T23:31:50Z][gpu7] c1_transverse1_t1_v2: depth frame 0/116, elapsed 0.1s
[2026-09-24T23:31:59Z][gpu7] c1_transverse1_t1_v2: depth frame 100/116, elapsed 9.3s
[2026-09-24T23:32:01Z][gpu7] c1_transverse1_t1_v2: depth frame 116/116, elapsed 10.9s
[2026-09-24T23:32:01Z][gpu7] c1_transverse1_t1_v2: pose pair (0,1), elapsed 0.1s
[2026-09-24T23:32:12Z][gpu7] c1_transverse1_t1_v2: pose pair (100,101), elapsed 10.7s
[2026-09-24T23:32:13Z][gpu7] c1_transverse1_t1_v2: pose pair (115,116), elapsed 12.3s
[2026-09-24T23:32:14Z][gpu7] c1_transverse1_t1_v2: DONE in 24.8s, n_nonfinite_depth=0 n_nonfinite_pose=0
[2026-09-24T23:32:16Z][gpu7] c1_transverse1_t1_v3: depth frame 0/116, elapsed 0.1s
[2026-09-24T23:32:26Z][gpu7] c1_transverse1_t1_v3: depth frame 100/116, elapsed 10.1s
[2026-09-24T23:32:28Z][gpu7] c1_transverse1_t1_v3: depth frame 116/116, elapsed 11.8s
[2026-09-24T23:32:28Z][gpu7] c1_transverse1_t1_v3: pose pair (0,1), elapsed 0.1s
[2026-09-24T23:32:43Z][gpu7] c1_transverse1_t1_v3: pose pair (100,101), elapsed 15.8s
[2026-09-24T23:32:46Z][gpu7] c1_transverse1_t1_v3: pose pair (115,116), elapsed 18.2s
[2026-09-24T23:32:46Z][gpu7] c1_transverse1_t1_v3: DONE in 32.2s, n_nonfinite_depth=0 n_nonfinite_pose=0
[2026-09-24T23:32:54Z][gpu7] c1_transverse1_t2_v1: depth frame 0/672, elapsed 0.1s
[2026-09-24T23:33:03Z][gpu7] c1_transverse1_t2_v1: depth frame 100/672, elapsed 10.0s
[2026-09-24T23:33:13Z][gpu7] c1_transverse1_t2_v1: depth frame 200/672, elapsed 19.6s
[2026-09-24T23:33:23Z][gpu7] c1_transverse1_t2_v1: depth frame 300/672, elapsed 29.2s
[2026-09-24T23:33:33Z][gpu7] c1_transverse1_t2_v1: depth frame 400/672, elapsed 39.1s
[2026-09-24T23:33:42Z][gpu7] c1_transverse1_t2_v1: depth frame 500/672, elapsed 48.6s
[2026-09-24T23:33:52Z][gpu7] c1_transverse1_t2_v1: depth frame 600/672, elapsed 58.7s
[2026-09-24T23:33:59Z][gpu7] c1_transverse1_t2_v1: depth frame 672/672, elapsed 65.9s
[2026-09-24T23:34:00Z][gpu7] c1_transverse1_t2_v1: pose pair (0,1), elapsed 0.2s
[2026-09-24T23:34:14Z][gpu7] c1_transverse1_t2_v1: pose pair (100,101), elapsed 14.7s
[2026-09-24T23:34:28Z][gpu7] c1_transverse1_t2_v1: pose pair (200,201), elapsed 29.1s
[2026-09-24T23:34:39Z][gpu7] c1_transverse1_t2_v1: pose pair (300,301), elapsed 39.7s
[2026-09-24T23:34:52Z][gpu7] c1_transverse1_t2_v1: pose pair (400,401), elapsed 52.8s
[2026-09-24T23:35:05Z][gpu7] c1_transverse1_t2_v1: pose pair (500,501), elapsed 65.2s
[2026-09-24T23:35:19Z][gpu7] c1_transverse1_t2_v1: pose pair (600,601), elapsed 79.7s
[2026-09-24T23:35:30Z][gpu7] c1_transverse1_t2_v1: pose pair (671,672), elapsed 90.7s
[2026-09-24T23:35:30Z][gpu7] c1_transverse1_t2_v1: DONE in 164.2s, n_nonfinite_depth=0 n_nonfinite_pose=0
[2026-09-24T23:35:33Z][gpu7] c1_transverse1_t2_v2: depth frame 0/234, elapsed 0.1s
[2026-09-24T23:35:43Z][gpu7] c1_transverse1_t2_v2: depth frame 100/234, elapsed 9.5s
[2026-09-24T23:35:52Z][gpu7] c1_transverse1_t2_v2: depth frame 200/234, elapsed 18.3s
[2026-09-24T23:35:55Z][gpu7] c1_transverse1_t2_v2: depth frame 234/234, elapsed 21.8s
[2026-09-24T23:35:55Z][gpu7] c1_transverse1_t2_v2: pose pair (0,1), elapsed 0.1s
[2026-09-24T23:36:09Z][gpu7] c1_transverse1_t2_v2: pose pair (100,101), elapsed 13.4s
[2026-09-24T23:36:21Z][gpu7] c1_transverse1_t2_v2: pose pair (200,201), elapsed 26.1s
[2026-09-24T23:36:26Z][gpu7] c1_transverse1_t2_v2: pose pair (233,234), elapsed 30.8s
[2026-09-24T23:36:26Z][gpu7] c1_transverse1_t2_v2: DONE in 55.2s, n_nonfinite_depth=0 n_nonfinite_pose=0
[2026-09-24T23:36:29Z][gpu7] c1_transverse1_t2_v3: depth frame 0/234, elapsed 0.1s
[2026-09-24T23:36:39Z][gpu7] c1_transverse1_t2_v3: depth frame 100/234, elapsed 9.9s
[2026-09-24T23:36:50Z][gpu7] c1_transverse1_t2_v3: depth frame 200/234, elapsed 20.3s
[2026-09-24T23:36:53Z][gpu7] c1_transverse1_t2_v3: depth frame 234/234, elapsed 23.8s
[2026-09-24T23:36:53Z][gpu7] c1_transverse1_t2_v3: pose pair (0,1), elapsed 0.1s
[2026-09-24T23:37:07Z][gpu7] c1_transverse1_t2_v3: pose pair (100,101), elapsed 14.3s
[2026-09-24T23:37:21Z][gpu7] c1_transverse1_t2_v3: pose pair (200,201), elapsed 27.7s
[2026-09-24T23:37:26Z][gpu7] c1_transverse1_t2_v3: pose pair (233,234), elapsed 32.9s
[2026-09-24T23:37:26Z][gpu7] c1_transverse1_t2_v3: DONE in 59.6s, n_nonfinite_depth=0 n_nonfinite_pose=0
[2026-09-24T23:37:29Z][gpu7] c1_transverse1_t3_v1: depth frame 0/202, elapsed 0.1s
[2026-09-24T23:37:39Z][gpu7] c1_transverse1_t3_v1: depth frame 100/202, elapsed 10.2s
[2026-09-24T23:37:49Z][gpu7] c1_transverse1_t3_v1: depth frame 200/202, elapsed 20.5s
[2026-09-24T23:37:49Z][gpu7] c1_transverse1_t3_v1: depth frame 202/202, elapsed 20.7s
[2026-09-24T23:37:50Z][gpu7] c1_transverse1_t3_v1: pose pair (0,1), elapsed 0.2s
[2026-09-24T23:38:05Z][gpu7] c1_transverse1_t3_v1: pose pair (100,101), elapsed 15.3s
[2026-09-24T23:38:20Z][gpu7] c1_transverse1_t3_v1: pose pair (200,201), elapsed 30.8s
[2026-09-24T23:38:20Z][gpu7] c1_transverse1_t3_v1: pose pair (201,202), elapsed 30.9s
[2026-09-24T23:38:20Z][gpu7] c1_transverse1_t3_v1: DONE in 54.2s, n_nonfinite_depth=0 n_nonfinite_pose=0
[2026-09-24T23:38:23Z][gpu7] c1_transverse1_t3_v2: depth frame 0/183, elapsed 0.1s
[2026-09-24T23:38:33Z][gpu7] c1_transverse1_t3_v2: depth frame 100/183, elapsed 9.9s
[2026-09-24T23:38:41Z][gpu7] c1_transverse1_t3_v2: depth frame 183/183, elapsed 18.1s
[2026-09-24T23:38:41Z][gpu7] c1_transverse1_t3_v2: pose pair (0,1), elapsed 0.2s
[2026-09-24T23:38:56Z][gpu7] c1_transverse1_t3_v2: pose pair (100,101), elapsed 14.7s
[2026-09-24T23:39:09Z][gpu7] c1_transverse1_t3_v2: pose pair (182,183), elapsed 27.6s
[2026-09-24T23:39:09Z][gpu7] c1_transverse1_t3_v2: DONE in 48.1s, n_nonfinite_depth=0 n_nonfinite_pose=0
[2026-09-24T23:39:12Z][gpu7] c1_transverse1_t3_v3: depth frame 0/183, elapsed 0.1s
[2026-09-24T23:39:22Z][gpu7] c1_transverse1_t3_v3: depth frame 100/183, elapsed 10.3s
[2026-09-24T23:39:32Z][gpu7] c1_transverse1_t3_v3: depth frame 183/183, elapsed 19.7s
[2026-09-24T23:39:32Z][gpu7] c1_transverse1_t3_v3: pose pair (0,1), elapsed 0.2s
[2026-09-24T23:39:45Z][gpu7] c1_transverse1_t3_v3: pose pair (100,101), elapsed 13.2s
[2026-09-24T23:39:56Z][gpu7] c1_transverse1_t3_v3: pose pair (182,183), elapsed 24.7s
[2026-09-24T23:39:56Z][gpu7] c1_transverse1_t3_v3: DONE in 47.3s, n_nonfinite_depth=0 n_nonfinite_pose=0
[2026-09-24T23:40:01Z][gpu7] c1_transverse1_t4_v1: depth frame 0/314, elapsed 0.3s
[2026-09-24T23:40:11Z][gpu7] c1_transverse1_t4_v1: depth frame 100/314, elapsed 10.0s
[2026-09-24T23:40:21Z][gpu7] c1_transverse1_t4_v1: depth frame 200/314, elapsed 19.7s
[2026-09-24T23:40:31Z][gpu7] c1_transverse1_t4_v1: depth frame 300/314, elapsed 30.1s
[2026-09-24T23:40:33Z][gpu7] c1_transverse1_t4_v1: depth frame 314/314, elapsed 31.7s
[2026-09-24T23:40:33Z][gpu7] c1_transverse1_t4_v1: pose pair (0,1), elapsed 0.2s
[2026-09-24T23:40:47Z][gpu7] c1_transverse1_t4_v1: pose pair (100,101), elapsed 14.8s
[2026-09-24T23:41:02Z][gpu7] c1_transverse1_t4_v1: pose pair (200,201), elapsed 29.4s
[2026-09-24T23:41:16Z][gpu7] c1_transverse1_t4_v1: pose pair (300,301), elapsed 43.6s
[2026-09-24T23:41:19Z][gpu7] c1_transverse1_t4_v1: pose pair (313,314), elapsed 45.9s
[2026-09-24T23:41:19Z][gpu7] c1_transverse1_t4_v1: DONE in 82.2s, n_nonfinite_depth=0 n_nonfinite_pose=0
[2026-09-24T23:41:28Z][gpu7] c1_transverse1_t4_v2: depth frame 0/625, elapsed 0.1s
[2026-09-24T23:41:38Z][gpu7] c1_transverse1_t4_v2: depth frame 100/625, elapsed 9.8s
[2026-09-24T23:41:48Z][gpu7] c1_transverse1_t4_v2: depth frame 200/625, elapsed 19.5s
[2026-09-24T23:41:58Z][gpu7] c1_transverse1_t4_v2: depth frame 300/625, elapsed 29.3s
[2026-09-24T23:42:08Z][gpu7] c1_transverse1_t4_v2: depth frame 400/625, elapsed 39.3s
[2026-09-24T23:42:17Z][gpu7] c1_transverse1_t4_v2: depth frame 500/625, elapsed 48.9s
[2026-09-24T23:42:27Z][gpu7] c1_transverse1_t4_v2: depth frame 600/625, elapsed 58.5s
[2026-09-24T23:42:29Z][gpu7] c1_transverse1_t4_v2: depth frame 625/625, elapsed 61.0s
[2026-09-24T23:42:29Z][gpu7] c1_transverse1_t4_v2: pose pair (0,1), elapsed 0.2s
[2026-09-24T23:42:43Z][gpu7] c1_transverse1_t4_v2: pose pair (100,101), elapsed 13.7s
[2026-09-24T23:42:57Z][gpu7] c1_transverse1_t4_v2: pose pair (200,201), elapsed 27.5s
[2026-09-24T23:43:11Z][gpu7] c1_transverse1_t4_v2: pose pair (300,301), elapsed 41.6s
[2026-09-24T23:43:24Z][gpu7] c1_transverse1_t4_v2: pose pair (400,401), elapsed 54.5s
[2026-09-24T23:43:37Z][gpu7] c1_transverse1_t4_v2: pose pair (500,501), elapsed 68.2s
[2026-09-24T23:43:49Z][gpu7] c1_transverse1_t4_v2: pose pair (600,601), elapsed 80.0s
[2026-09-24T23:43:52Z][gpu7] c1_transverse1_t4_v2: pose pair (624,625), elapsed 82.7s
[2026-09-24T23:43:52Z][gpu7] c1_transverse1_t4_v2: DONE in 152.9s, n_nonfinite_depth=0 n_nonfinite_pose=0
[2026-09-24T23:44:04Z][gpu7] c1_transverse1_t4_v3: depth frame 0/625, elapsed 0.1s
[2026-09-24T23:44:14Z][gpu7] c1_transverse1_t4_v3: depth frame 100/625, elapsed 9.9s
[2026-09-24T23:44:24Z][gpu7] c1_transverse1_t4_v3: depth frame 200/625, elapsed 19.6s
[2026-09-24T23:44:33Z][gpu7] c1_transverse1_t4_v3: depth frame 300/625, elapsed 29.2s
[2026-09-24T23:44:43Z][gpu7] c1_transverse1_t4_v3: depth frame 400/625, elapsed 38.8s
[2026-09-24T23:44:53Z][gpu7] c1_transverse1_t4_v3: depth frame 500/625, elapsed 48.6s
[2026-09-24T23:45:02Z][gpu7] c1_transverse1_t4_v3: depth frame 600/625, elapsed 58.0s
[2026-09-24T23:45:04Z][gpu7] c1_transverse1_t4_v3: depth frame 625/625, elapsed 60.2s
[2026-09-24T23:45:05Z][gpu7] c1_transverse1_t4_v3: pose pair (0,1), elapsed 0.2s
[2026-09-24T23:45:19Z][gpu7] c1_transverse1_t4_v3: pose pair (100,101), elapsed 14.2s
[2026-09-24T23:45:34Z][gpu7] c1_transverse1_t4_v3: pose pair (200,201), elapsed 29.3s
[2026-09-24T23:45:47Z][gpu7] c1_transverse1_t4_v3: pose pair (300,301), elapsed 42.9s
[2026-09-24T23:46:04Z][gpu7] c1_transverse1_t4_v3: pose pair (400,401), elapsed 59.7s
[2026-09-24T23:46:20Z][gpu7] c1_transverse1_t4_v3: pose pair (500,501), elapsed 75.7s
[2026-09-24T23:46:33Z][gpu7] c1_transverse1_t4_v3: pose pair (600,601), elapsed 89.0s
[2026-09-24T23:46:37Z][gpu7] c1_transverse1_t4_v3: pose pair (624,625), elapsed 92.9s
[2026-09-24T23:46:37Z][gpu7] c1_transverse1_t4_v3: DONE in 164.7s, n_nonfinite_depth=0 n_nonfinite_pose=0
[2026-09-24T23:46:42Z][gpu7] c1_transverse2_t1_v1: depth frame 0/267, elapsed 0.1s
[2026-09-24T23:46:52Z][gpu7] c1_transverse2_t1_v1: depth frame 100/267, elapsed 9.7s
[2026-09-24T23:47:01Z][gpu7] c1_transverse2_t1_v1: depth frame 200/267, elapsed 18.7s
[2026-09-24T23:47:08Z][gpu7] c1_transverse2_t1_v1: depth frame 267/267, elapsed 26.1s
[2026-09-24T23:47:08Z][gpu7] c1_transverse2_t1_v1: pose pair (0,1), elapsed 0.1s
[2026-09-24T23:47:21Z][gpu7] c1_transverse2_t1_v1: pose pair (100,101), elapsed 12.5s
[2026-09-24T23:47:36Z][gpu7] c1_transverse2_t1_v1: pose pair (200,201), elapsed 27.4s
[2026-09-24T23:47:46Z][gpu7] c1_transverse2_t1_v1: pose pair (266,267), elapsed 37.4s
[2026-09-24T23:47:46Z][gpu7] c1_transverse2_t1_v1: DONE in 67.8s, n_nonfinite_depth=0 n_nonfinite_pose=0
[2026-09-24T23:47:54Z][gpu7] c1_transverse2_t1_v2: depth frame 0/516, elapsed 0.1s
[2026-09-24T23:48:04Z][gpu7] c1_transverse2_t1_v2: depth frame 100/516, elapsed 10.1s
[2026-09-24T23:48:14Z][gpu7] c1_transverse2_t1_v2: depth frame 200/516, elapsed 20.7s
[2026-09-24T23:48:25Z][gpu7] c1_transverse2_t1_v2: depth frame 300/516, elapsed 31.8s
[2026-09-24T23:48:36Z][gpu7] c1_transverse2_t1_v2: depth frame 400/516, elapsed 42.1s
[2026-09-24T23:48:45Z][gpu7] c1_transverse2_t1_v2: depth frame 500/516, elapsed 51.3s
[2026-09-24T23:48:46Z][gpu7] c1_transverse2_t1_v2: depth frame 516/516, elapsed 52.8s
[2026-09-24T23:48:46Z][gpu7] c1_transverse2_t1_v2: pose pair (0,1), elapsed 0.1s
[2026-09-24T23:49:00Z][gpu7] c1_transverse2_t1_v2: pose pair (100,101), elapsed 13.9s
[2026-09-24T23:49:15Z][gpu7] c1_transverse2_t1_v2: pose pair (200,201), elapsed 28.3s
[2026-09-24T23:49:30Z][gpu7] c1_transverse2_t1_v2: pose pair (300,301), elapsed 43.7s
[2026-09-24T23:49:44Z][gpu7] c1_transverse2_t1_v2: pose pair (400,401), elapsed 58.0s
[2026-09-24T23:49:58Z][gpu7] c1_transverse2_t1_v2: pose pair (500,501), elapsed 72.0s
[2026-09-24T23:50:01Z][gpu7] c1_transverse2_t1_v2: pose pair (515,516), elapsed 74.2s
[2026-09-24T23:50:01Z][gpu7] c1_transverse2_t1_v2: DONE in 134.5s, n_nonfinite_depth=0 n_nonfinite_pose=0
[2026-09-24T23:50:09Z][gpu7] c1_transverse2_t1_v3: depth frame 0/516, elapsed 0.1s
[2026-09-24T23:50:19Z][gpu7] c1_transverse2_t1_v3: depth frame 100/516, elapsed 9.6s
[2026-09-24T23:50:29Z][gpu7] c1_transverse2_t1_v3: depth frame 200/516, elapsed 19.6s
[2026-09-24T23:50:38Z][gpu7] c1_transverse2_t1_v3: depth frame 300/516, elapsed 28.9s
[2026-09-24T23:50:48Z][gpu7] c1_transverse2_t1_v3: depth frame 400/516, elapsed 39.0s
[2026-09-24T23:50:57Z][gpu7] c1_transverse2_t1_v3: depth frame 500/516, elapsed 48.4s
[2026-09-24T23:50:59Z][gpu7] c1_transverse2_t1_v3: depth frame 516/516, elapsed 50.0s
[2026-09-24T23:50:59Z][gpu7] c1_transverse2_t1_v3: pose pair (0,1), elapsed 0.1s
[2026-09-24T23:51:11Z][gpu7] c1_transverse2_t1_v3: pose pair (100,101), elapsed 12.6s
[2026-09-24T23:51:27Z][gpu7] c1_transverse2_t1_v3: pose pair (200,201), elapsed 27.9s
[2026-09-24T23:51:42Z][gpu7] c1_transverse2_t1_v3: pose pair (300,301), elapsed 42.7s
[2026-09-24T23:51:56Z][gpu7] c1_transverse2_t1_v3: pose pair (400,401), elapsed 57.0s
[2026-09-24T23:52:09Z][gpu7] c1_transverse2_t1_v3: pose pair (500,501), elapsed 69.8s
[2026-09-24T23:52:11Z][gpu7] c1_transverse2_t1_v3: pose pair (515,516), elapsed 72.0s
[2026-09-24T23:52:11Z][gpu7] c1_transverse2_t1_v3: DONE in 129.8s, n_nonfinite_depth=0 n_nonfinite_pose=0
[2026-09-24T23:52:17Z][gpu7] c1_transverse2_t2_v1: depth frame 0/456, elapsed 0.1s
[2026-09-24T23:52:26Z][gpu7] c1_transverse2_t2_v1: depth frame 100/456, elapsed 9.6s
[2026-09-24T23:52:35Z][gpu7] c1_transverse2_t2_v1: depth frame 200/456, elapsed 18.8s
[2026-09-24T23:52:45Z][gpu7] c1_transverse2_t2_v1: depth frame 300/456, elapsed 28.2s
[2026-09-24T23:52:54Z][gpu7] c1_transverse2_t2_v1: depth frame 400/456, elapsed 37.3s
[2026-09-24T23:52:59Z][gpu7] c1_transverse2_t2_v1: depth frame 456/456, elapsed 42.5s
[2026-09-24T23:52:59Z][gpu7] c1_transverse2_t2_v1: pose pair (0,1), elapsed 0.1s
[2026-09-24T23:53:12Z][gpu7] c1_transverse2_t2_v1: pose pair (100,101), elapsed 12.5s
[2026-09-24T23:53:25Z][gpu7] c1_transverse2_t2_v1: pose pair (200,201), elapsed 26.2s
[2026-09-24T23:53:40Z][gpu7] c1_transverse2_t2_v1: pose pair (300,301), elapsed 40.9s
[2026-09-24T23:53:54Z][gpu7] c1_transverse2_t2_v1: pose pair (400,401), elapsed 55.3s
[2026-09-24T23:54:01Z][gpu7] c1_transverse2_t2_v1: pose pair (455,456), elapsed 62.3s
[2026-09-24T23:54:01Z][gpu7] c1_transverse2_t2_v1: DONE in 109.9s, n_nonfinite_depth=0 n_nonfinite_pose=0
[2026-09-24T23:54:08Z][gpu7] c1_transverse2_t2_v2: depth frame 0/558, elapsed 0.1s
[2026-09-24T23:54:18Z][gpu7] c1_transverse2_t2_v2: depth frame 100/558, elapsed 10.2s
[2026-09-24T23:54:28Z][gpu7] c1_transverse2_t2_v2: depth frame 200/558, elapsed 20.1s
[2026-09-24T23:54:38Z][gpu7] c1_transverse2_t2_v2: depth frame 300/558, elapsed 30.0s
[2026-09-24T23:54:47Z][gpu7] c1_transverse2_t2_v2: depth frame 400/558, elapsed 39.6s
[2026-09-24T23:54:56Z][gpu7] c1_transverse2_t2_v2: depth frame 500/558, elapsed 48.8s
[2026-09-24T23:55:02Z][gpu7] c1_transverse2_t2_v2: depth frame 558/558, elapsed 54.6s
[2026-09-24T23:55:02Z][gpu7] c1_transverse2_t2_v2: pose pair (0,1), elapsed 0.1s
[2026-09-24T23:55:17Z][gpu7] c1_transverse2_t2_v2: pose pair (100,101), elapsed 14.9s
[2026-09-24T23:55:29Z][gpu7] c1_transverse2_t2_v2: pose pair (200,201), elapsed 27.0s
[2026-09-24T23:55:44Z][gpu7] c1_transverse2_t2_v2: pose pair (300,301), elapsed 41.3s
[2026-09-24T23:55:55Z][gpu7] c1_transverse2_t2_v2: pose pair (400,401), elapsed 53.1s
[2026-09-24T23:56:09Z][gpu7] c1_transverse2_t2_v2: pose pair (500,501), elapsed 66.5s
[2026-09-24T23:56:17Z][gpu7] c1_transverse2_t2_v2: pose pair (557,558), elapsed 74.2s
[2026-09-24T23:56:17Z][gpu7] c1_transverse2_t2_v2: DONE in 134.7s, n_nonfinite_depth=0 n_nonfinite_pose=0
[2026-09-24T23:56:25Z][gpu7] c1_transverse2_t2_v3: depth frame 0/558, elapsed 0.1s
[2026-09-24T23:56:35Z][gpu7] c1_transverse2_t2_v3: depth frame 100/558, elapsed 10.1s
[2026-09-24T23:56:45Z][gpu7] c1_transverse2_t2_v3: depth frame 200/558, elapsed 19.5s
[2026-09-24T23:56:55Z][gpu7] c1_transverse2_t2_v3: depth frame 300/558, elapsed 29.7s
[2026-09-24T23:57:05Z][gpu7] c1_transverse2_t2_v3: depth frame 400/558, elapsed 40.2s
[2026-09-24T23:57:15Z][gpu7] c1_transverse2_t2_v3: depth frame 500/558, elapsed 49.9s
[2026-09-24T23:57:21Z][gpu7] c1_transverse2_t2_v3: depth frame 558/558, elapsed 55.7s
[2026-09-24T23:57:21Z][gpu7] c1_transverse2_t2_v3: pose pair (0,1), elapsed 0.2s
[2026-09-24T23:57:35Z][gpu7] c1_transverse2_t2_v3: pose pair (100,101), elapsed 14.4s
[2026-09-24T23:57:50Z][gpu7] c1_transverse2_t2_v3: pose pair (200,201), elapsed 29.2s
[2026-09-24T23:58:04Z][gpu7] c1_transverse2_t2_v3: pose pair (300,301), elapsed 43.1s
[2026-09-24T23:58:18Z][gpu7] c1_transverse2_t2_v3: pose pair (400,401), elapsed 56.9s
[2026-09-24T23:58:33Z][gpu7] c1_transverse2_t2_v3: pose pair (500,501), elapsed 72.1s
[2026-09-24T23:58:42Z][gpu7] c1_transverse2_t2_v3: pose pair (557,558), elapsed 81.0s
[2026-09-24T23:58:42Z][gpu7] c1_transverse2_t2_v3: DONE in 144.6s, n_nonfinite_depth=0 n_nonfinite_pose=0
[2026-09-24T23:58:49Z][gpu7] c1_transverse2_t3_v1: depth frame 0/577, elapsed 0.1s
[2026-09-24T23:58:59Z][gpu7] c1_transverse2_t3_v1: depth frame 100/577, elapsed 10.1s
[2026-09-24T23:59:09Z][gpu7] c1_transverse2_t3_v1: depth frame 200/577, elapsed 20.0s
[2026-09-24T23:59:18Z][gpu7] c1_transverse2_t3_v1: depth frame 300/577, elapsed 30.0s
[2026-09-24T23:59:29Z][gpu7] c1_transverse2_t3_v1: depth frame 400/577, elapsed 40.0s
[2026-09-24T23:59:38Z][gpu7] c1_transverse2_t3_v1: depth frame 500/577, elapsed 49.9s
[2026-09-24T23:59:46Z][gpu7] c1_transverse2_t3_v1: depth frame 577/577, elapsed 57.6s
[2026-09-24T23:59:46Z][gpu7] c1_transverse2_t3_v1: pose pair (0,1), elapsed 0.2s
[2026-09-25T00:00:00Z][gpu7] c1_transverse2_t3_v1: pose pair (100,101), elapsed 14.3s
[2026-09-25T00:00:15Z][gpu7] c1_transverse2_t3_v1: pose pair (200,201), elapsed 29.2s
[2026-09-25T00:00:30Z][gpu7] c1_transverse2_t3_v1: pose pair (300,301), elapsed 44.1s
[2026-09-25T00:00:42Z][gpu7] c1_transverse2_t3_v1: pose pair (400,401), elapsed 55.5s
[2026-09-25T00:00:56Z][gpu7] c1_transverse2_t3_v1: pose pair (500,501), elapsed 70.2s
[2026-09-25T00:01:07Z][gpu7] c1_transverse2_t3_v1: pose pair (576,577), elapsed 80.4s
[2026-09-25T00:01:07Z][gpu7] c1_transverse2_t3_v1: DONE in 144.1s, n_nonfinite_depth=0 n_nonfinite_pose=0
[2026-09-25T00:01:10Z][gpu7] c1_transverse2_t3_v2: depth frame 0/248, elapsed 0.1s
[2026-09-25T00:01:19Z][gpu7] c1_transverse2_t3_v2: depth frame 100/248, elapsed 9.6s
[2026-09-25T00:01:28Z][gpu7] c1_transverse2_t3_v2: depth frame 200/248, elapsed 18.6s
[2026-09-25T00:01:33Z][gpu7] c1_transverse2_t3_v2: depth frame 248/248, elapsed 23.1s
[2026-09-25T00:01:33Z][gpu7] c1_transverse2_t3_v2: pose pair (0,1), elapsed 0.1s
[2026-09-25T00:01:43Z][gpu7] c1_transverse2_t3_v2: pose pair (100,101), elapsed 10.4s
[2026-09-25T00:01:55Z][gpu7] c1_transverse2_t3_v2: pose pair (200,201), elapsed 22.2s
[2026-09-25T00:02:01Z][gpu7] c1_transverse2_t3_v2: pose pair (247,248), elapsed 27.6s
[2026-09-25T00:02:01Z][gpu7] c1_transverse2_t3_v2: DONE in 53.4s, n_nonfinite_depth=0 n_nonfinite_pose=0
[2026-09-25T00:02:04Z][gpu7] c1_transverse2_t3_v3: depth frame 0/248, elapsed 0.1s
[2026-09-25T00:02:14Z][gpu7] c1_transverse2_t3_v3: depth frame 100/248, elapsed 10.1s
[2026-09-25T00:02:24Z][gpu7] c1_transverse2_t3_v3: depth frame 200/248, elapsed 20.0s
[2026-09-25T00:02:29Z][gpu7] c1_transverse2_t3_v3: depth frame 248/248, elapsed 25.0s
[2026-09-25T00:02:29Z][gpu7] c1_transverse2_t3_v3: pose pair (0,1), elapsed 0.1s
[2026-09-25T00:02:42Z][gpu7] c1_transverse2_t3_v3: pose pair (100,101), elapsed 13.3s
[2026-09-25T00:02:54Z][gpu7] c1_transverse2_t3_v3: pose pair (200,201), elapsed 24.9s
[2026-09-25T00:02:59Z][gpu7] c1_transverse2_t3_v3: pose pair (247,248), elapsed 30.6s
[2026-09-25T00:03:00Z][gpu7] c1_transverse2_t3_v3: DONE in 58.7s, n_nonfinite_depth=0 n_nonfinite_pose=0
[2026-09-25T00:03:03Z][gpu7] c1_transverse2_t4_v1: depth frame 0/257, elapsed 0.1s
[2026-09-25T00:03:12Z][gpu7] c1_transverse2_t4_v1: depth frame 100/257, elapsed 9.7s
[2026-09-25T00:03:22Z][gpu7] c1_transverse2_t4_v1: depth frame 200/257, elapsed 19.4s
[2026-09-25T00:03:28Z][gpu7] c1_transverse2_t4_v1: depth frame 257/257, elapsed 25.1s
[2026-09-25T00:03:28Z][gpu7] c1_transverse2_t4_v1: pose pair (0,1), elapsed 0.2s
[2026-09-25T00:03:43Z][gpu7] c1_transverse2_t4_v1: pose pair (100,101), elapsed 15.1s
[2026-09-25T00:03:57Z][gpu7] c1_transverse2_t4_v1: pose pair (200,201), elapsed 29.2s
[2026-09-25T00:04:05Z][gpu7] c1_transverse2_t4_v1: pose pair (256,257), elapsed 37.4s
[2026-09-25T00:04:05Z][gpu7] c1_transverse2_t4_v1: DONE in 65.4s, n_nonfinite_depth=0 n_nonfinite_pose=0
[2026-09-25T00:04:10Z][gpu7] c1_transverse2_t4_v2: depth frame 0/418, elapsed 0.1s
[2026-09-25T00:04:20Z][gpu7] c1_transverse2_t4_v2: depth frame 100/418, elapsed 9.5s
[2026-09-25T00:04:29Z][gpu7] c1_transverse2_t4_v2: depth frame 200/418, elapsed 19.0s
[2026-09-25T00:04:38Z][gpu7] c1_transverse2_t4_v2: depth frame 300/418, elapsed 28.1s
[2026-09-25T00:04:47Z][gpu7] c1_transverse2_t4_v2: depth frame 400/418, elapsed 37.1s
[2026-09-25T00:04:49Z][gpu7] c1_transverse2_t4_v2: depth frame 418/418, elapsed 38.8s
[2026-09-25T00:04:49Z][gpu7] c1_transverse2_t4_v2: pose pair (0,1), elapsed 0.1s
[2026-09-25T00:05:04Z][gpu7] c1_transverse2_t4_v2: pose pair (100,101), elapsed 14.8s
[2026-09-25T00:05:16Z][gpu7] c1_transverse2_t4_v2: pose pair (200,201), elapsed 27.0s
[2026-09-25T00:05:28Z][gpu7] c1_transverse2_t4_v2: pose pair (300,301), elapsed 38.6s
[2026-09-25T00:05:40Z][gpu7] c1_transverse2_t4_v2: pose pair (400,401), elapsed 51.4s
[2026-09-25T00:05:43Z][gpu7] c1_transverse2_t4_v2: pose pair (417,418), elapsed 53.6s
[2026-09-25T00:05:43Z][gpu7] c1_transverse2_t4_v2: DONE in 97.0s, n_nonfinite_depth=0 n_nonfinite_pose=0
[2026-09-25T00:05:50Z][gpu7] c1_transverse2_t4_v3: depth frame 0/418, elapsed 0.1s
[2026-09-25T00:06:00Z][gpu7] c1_transverse2_t4_v3: depth frame 100/418, elapsed 9.7s
[2026-09-25T00:06:10Z][gpu7] c1_transverse2_t4_v3: depth frame 200/418, elapsed 19.7s
[2026-09-25T00:06:19Z][gpu7] c1_transverse2_t4_v3: depth frame 300/418, elapsed 29.5s
[2026-09-25T00:06:29Z][gpu7] c1_transverse2_t4_v3: depth frame 400/418, elapsed 39.1s
[2026-09-25T00:06:31Z][gpu7] c1_transverse2_t4_v3: depth frame 418/418, elapsed 41.1s
[2026-09-25T00:06:31Z][gpu7] c1_transverse2_t4_v3: pose pair (0,1), elapsed 0.1s
[2026-09-25T00:06:46Z][gpu7] c1_transverse2_t4_v3: pose pair (100,101), elapsed 15.1s
[2026-09-25T00:06:58Z][gpu7] c1_transverse2_t4_v3: pose pair (200,201), elapsed 27.2s
[2026-09-25T00:07:11Z][gpu7] c1_transverse2_t4_v3: pose pair (300,301), elapsed 40.5s
[2026-09-25T00:07:25Z][gpu7] c1_transverse2_t4_v3: pose pair (400,401), elapsed 53.7s
[2026-09-25T00:07:28Z][gpu7] c1_transverse2_t4_v3: pose pair (417,418), elapsed 56.8s
[2026-09-25T00:07:28Z][gpu7] c1_transverse2_t4_v3: DONE in 104.8s, n_nonfinite_depth=0 n_nonfinite_pose=0
[2026-09-25T00:07:31Z][gpu7] c2_ascending_t1_v1: depth frame 0/282, elapsed 0.1s
[2026-09-25T00:07:41Z][gpu7] c2_ascending_t1_v1: depth frame 100/282, elapsed 9.4s
[2026-09-25T00:07:50Z][gpu7] c2_ascending_t1_v1: depth frame 200/282, elapsed 18.3s
[2026-09-25T00:07:58Z][gpu7] c2_ascending_t1_v1: depth frame 282/282, elapsed 26.3s
[2026-09-25T00:07:58Z][gpu7] c2_ascending_t1_v1: pose pair (0,1), elapsed 0.1s
[2026-09-25T00:08:10Z][gpu7] c2_ascending_t1_v1: pose pair (100,101), elapsed 12.7s
[2026-09-25T00:08:24Z][gpu7] c2_ascending_t1_v1: pose pair (200,201), elapsed 26.2s
[2026-09-25T00:08:36Z][gpu7] c2_ascending_t1_v1: pose pair (281,282), elapsed 38.0s
[2026-09-25T00:08:36Z][gpu7] c2_ascending_t1_v1: DONE in 67.4s, n_nonfinite_depth=0 n_nonfinite_pose=0
[2026-09-25T00:08:42Z][gpu7] c2_ascending_t1_v2: depth frame 0/514, elapsed 0.1s
[2026-09-25T00:08:51Z][gpu7] c2_ascending_t1_v2: depth frame 100/514, elapsed 9.4s
[2026-09-25T00:09:00Z][gpu7] c2_ascending_t1_v2: depth frame 200/514, elapsed 18.7s
[2026-09-25T00:09:10Z][gpu7] c2_ascending_t1_v2: depth frame 300/514, elapsed 28.4s
[2026-09-25T00:09:20Z][gpu7] c2_ascending_t1_v2: depth frame 400/514, elapsed 38.0s
[2026-09-25T00:09:29Z][gpu7] c2_ascending_t1_v2: depth frame 500/514, elapsed 47.1s
[2026-09-25T00:09:30Z][gpu7] c2_ascending_t1_v2: depth frame 514/514, elapsed 48.6s
[2026-09-25T00:09:30Z][gpu7] c2_ascending_t1_v2: pose pair (0,1), elapsed 0.1s
[2026-09-25T00:09:43Z][gpu7] c2_ascending_t1_v2: pose pair (100,101), elapsed 12.4s
[2026-09-25T00:09:54Z][gpu7] c2_ascending_t1_v2: pose pair (200,201), elapsed 24.2s
[2026-09-25T00:10:07Z][gpu7] c2_ascending_t1_v2: pose pair (300,301), elapsed 37.4s
[2026-09-25T00:10:21Z][gpu7] c2_ascending_t1_v2: pose pair (400,401), elapsed 50.7s
[2026-09-25T00:10:32Z][gpu7] c2_ascending_t1_v2: pose pair (500,501), elapsed 61.4s
[2026-09-25T00:10:33Z][gpu7] c2_ascending_t1_v2: pose pair (513,514), elapsed 63.0s
[2026-09-25T00:10:33Z][gpu7] c2_ascending_t1_v2: DONE in 117.1s, n_nonfinite_depth=0 n_nonfinite_pose=0
[2026-09-25T00:10:42Z][gpu7] c2_ascending_t1_v3: depth frame 0/514, elapsed 0.1s
[2026-09-25T00:10:51Z][gpu7] c2_ascending_t1_v3: depth frame 100/514, elapsed 9.4s
[2026-09-25T00:11:01Z][gpu7] c2_ascending_t1_v3: depth frame 200/514, elapsed 18.8s
[2026-09-25T00:11:11Z][gpu7] c2_ascending_t1_v3: depth frame 300/514, elapsed 29.2s
[2026-09-25T00:11:22Z][gpu7] c2_ascending_t1_v3: depth frame 400/514, elapsed 39.8s
[2026-09-25T00:11:32Z][gpu7] c2_ascending_t1_v3: depth frame 500/514, elapsed 49.6s
[2026-09-25T00:11:33Z][gpu7] c2_ascending_t1_v3: depth frame 514/514, elapsed 51.0s
[2026-09-25T00:11:33Z][gpu7] c2_ascending_t1_v3: pose pair (0,1), elapsed 0.2s
[2026-09-25T00:11:48Z][gpu7] c2_ascending_t1_v3: pose pair (100,101), elapsed 15.1s
[2026-09-25T00:12:00Z][gpu7] c2_ascending_t1_v3: pose pair (200,201), elapsed 27.1s
[2026-09-25T00:12:15Z][gpu7] c2_ascending_t1_v3: pose pair (300,301), elapsed 41.9s
[2026-09-25T00:12:31Z][gpu7] c2_ascending_t1_v3: pose pair (400,401), elapsed 57.6s
[2026-09-25T00:12:47Z][gpu7] c2_ascending_t1_v3: pose pair (500,501), elapsed 73.7s
[2026-09-25T00:12:49Z][gpu7] c2_ascending_t1_v3: pose pair (513,514), elapsed 76.2s
[2026-09-25T00:12:49Z][gpu7] c2_ascending_t1_v3: DONE in 135.7s, n_nonfinite_depth=0 n_nonfinite_pose=0
[2026-09-25T00:12:55Z][gpu7] c2_ascending_t2_v1: depth frame 0/394, elapsed 0.1s
[2026-09-25T00:13:05Z][gpu7] c2_ascending_t2_v1: depth frame 100/394, elapsed 9.6s
[2026-09-25T00:13:14Z][gpu7] c2_ascending_t2_v1: depth frame 200/394, elapsed 19.4s
[2026-09-25T00:13:24Z][gpu7] c2_ascending_t2_v1: depth frame 300/394, elapsed 29.4s
[2026-09-25T00:13:33Z][gpu7] c2_ascending_t2_v1: depth frame 394/394, elapsed 38.2s
[2026-09-25T00:13:33Z][gpu7] c2_ascending_t2_v1: pose pair (0,1), elapsed 0.1s
[2026-09-25T00:13:46Z][gpu7] c2_ascending_t2_v1: pose pair (100,101), elapsed 12.8s
[2026-09-25T00:14:00Z][gpu7] c2_ascending_t2_v1: pose pair (200,201), elapsed 26.4s
[2026-09-25T00:14:14Z][gpu7] c2_ascending_t2_v1: pose pair (300,301), elapsed 41.2s
[2026-09-25T00:14:28Z][gpu7] c2_ascending_t2_v1: pose pair (393,394), elapsed 54.6s
[2026-09-25T00:14:28Z][gpu7] c2_ascending_t2_v1: DONE in 97.9s, n_nonfinite_depth=0 n_nonfinite_pose=0
[2026-09-25T00:14:34Z][gpu7] c2_ascending_t2_v2: depth frame 0/443, elapsed 0.1s
[2026-09-25T00:14:44Z][gpu7] c2_ascending_t2_v2: depth frame 100/443, elapsed 10.0s
[2026-09-25T00:14:54Z][gpu7] c2_ascending_t2_v2: depth frame 200/443, elapsed 19.9s
[2026-09-25T00:15:05Z][gpu7] c2_ascending_t2_v2: depth frame 300/443, elapsed 30.4s
[2026-09-25T00:15:14Z][gpu7] c2_ascending_t2_v2: depth frame 400/443, elapsed 40.2s
[2026-09-25T00:15:19Z][gpu7] c2_ascending_t2_v2: depth frame 443/443, elapsed 44.6s
[2026-09-25T00:15:19Z][gpu7] c2_ascending_t2_v2: pose pair (0,1), elapsed 0.1s
[2026-09-25T00:15:34Z][gpu7] c2_ascending_t2_v2: pose pair (100,101), elapsed 15.6s
[2026-09-25T00:15:48Z][gpu7] c2_ascending_t2_v2: pose pair (200,201), elapsed 28.9s
[2026-09-25T00:16:02Z][gpu7] c2_ascending_t2_v2: pose pair (300,301), elapsed 43.4s
[2026-09-25T00:16:16Z][gpu7] c2_ascending_t2_v2: pose pair (400,401), elapsed 56.7s
[2026-09-25T00:16:20Z][gpu7] c2_ascending_t2_v2: pose pair (442,443), elapsed 61.3s
[2026-09-25T00:16:20Z][gpu7] c2_ascending_t2_v2: DONE in 111.9s, n_nonfinite_depth=0 n_nonfinite_pose=0
[2026-09-25T00:16:29Z][gpu7] c2_ascending_t2_v3: depth frame 0/443, elapsed 0.1s
[2026-09-25T00:16:39Z][gpu7] c2_ascending_t2_v3: depth frame 100/443, elapsed 9.9s
[2026-09-25T00:16:48Z][gpu7] c2_ascending_t2_v3: depth frame 200/443, elapsed 19.4s
[2026-09-25T00:16:58Z][gpu7] c2_ascending_t2_v3: depth frame 300/443, elapsed 29.4s
[2026-09-25T00:17:08Z][gpu7] c2_ascending_t2_v3: depth frame 400/443, elapsed 39.6s
[2026-09-25T00:17:13Z][gpu7] c2_ascending_t2_v3: depth frame 443/443, elapsed 43.9s
[2026-09-25T00:17:13Z][gpu7] c2_ascending_t2_v3: pose pair (0,1), elapsed 0.2s
[2026-09-25T00:17:26Z][gpu7] c2_ascending_t2_v3: pose pair (100,101), elapsed 12.8s
[2026-09-25T00:17:39Z][gpu7] c2_ascending_t2_v3: pose pair (200,201), elapsed 26.4s
[2026-09-25T00:17:51Z][gpu7] c2_ascending_t2_v3: pose pair (300,301), elapsed 38.5s
[2026-09-25T00:18:03Z][gpu7] c2_ascending_t2_v3: pose pair (400,401), elapsed 50.5s
[2026-09-25T00:18:10Z][gpu7] c2_ascending_t2_v3: pose pair (442,443), elapsed 56.9s
[2026-09-25T00:18:10Z][gpu7] c2_ascending_t2_v3: DONE in 109.0s, n_nonfinite_depth=0 n_nonfinite_pose=0
[2026-09-25T00:18:14Z][gpu7] c2_ascending_t3_v1: depth frame 0/339, elapsed 0.1s
[2026-09-25T00:18:24Z][gpu7] c2_ascending_t3_v1: depth frame 100/339, elapsed 10.1s
[2026-09-25T00:18:33Z][gpu7] c2_ascending_t3_v1: depth frame 200/339, elapsed 19.5s
[2026-09-25T00:18:42Z][gpu7] c2_ascending_t3_v1: depth frame 300/339, elapsed 28.7s
[2026-09-25T00:18:46Z][gpu7] c2_ascending_t3_v1: depth frame 339/339, elapsed 32.4s
[2026-09-25T00:18:46Z][gpu7] c2_ascending_t3_v1: pose pair (0,1), elapsed 0.1s
[2026-09-25T00:19:00Z][gpu7] c2_ascending_t3_v1: pose pair (100,101), elapsed 14.1s
[2026-09-25T00:19:12Z][gpu7] c2_ascending_t3_v1: pose pair (200,201), elapsed 26.5s
[2026-09-25T00:19:23Z][gpu7] c2_ascending_t3_v1: pose pair (300,301), elapsed 37.6s
[2026-09-25T00:19:29Z][gpu7] c2_ascending_t3_v1: pose pair (338,339), elapsed 43.5s
[2026-09-25T00:19:30Z][gpu7] c2_ascending_t3_v1: DONE in 79.2s, n_nonfinite_depth=0 n_nonfinite_pose=0
[2026-09-25T00:19:35Z][gpu7] c2_ascending_t3_v2: depth frame 0/521, elapsed 0.1s
[2026-09-25T00:19:45Z][gpu7] c2_ascending_t3_v2: depth frame 100/521, elapsed 9.6s
[2026-09-25T00:19:55Z][gpu7] c2_ascending_t3_v2: depth frame 200/521, elapsed 19.6s
[2026-09-25T00:20:05Z][gpu7] c2_ascending_t3_v2: depth frame 300/521, elapsed 29.7s
[2026-09-25T00:20:14Z][gpu7] c2_ascending_t3_v2: depth frame 400/521, elapsed 38.7s
[2026-09-25T00:20:23Z][gpu7] c2_ascending_t3_v2: depth frame 500/521, elapsed 48.4s
[2026-09-25T00:20:25Z][gpu7] c2_ascending_t3_v2: depth frame 521/521, elapsed 50.4s
[2026-09-25T00:20:26Z][gpu7] c2_ascending_t3_v2: pose pair (0,1), elapsed 0.2s
[2026-09-25T00:20:38Z][gpu7] c2_ascending_t3_v2: pose pair (100,101), elapsed 12.6s
[2026-09-25T00:20:53Z][gpu7] c2_ascending_t3_v2: pose pair (200,201), elapsed 28.0s
[2026-09-25T00:21:10Z][gpu7] c2_ascending_t3_v2: pose pair (300,301), elapsed 44.2s
[2026-09-25T00:21:24Z][gpu7] c2_ascending_t3_v2: pose pair (400,401), elapsed 58.8s
[2026-09-25T00:21:38Z][gpu7] c2_ascending_t3_v2: pose pair (500,501), elapsed 73.0s
[2026-09-25T00:21:41Z][gpu7] c2_ascending_t3_v2: pose pair (520,521), elapsed 75.9s
[2026-09-25T00:21:42Z][gpu7] c2_ascending_t3_v2: DONE in 131.6s, n_nonfinite_depth=0 n_nonfinite_pose=0
[2026-09-25T00:21:50Z][gpu7] c2_ascending_t3_v3: depth frame 0/521, elapsed 0.1s
[2026-09-25T00:22:00Z][gpu7] c2_ascending_t3_v3: depth frame 100/521, elapsed 10.6s
[2026-09-25T00:22:12Z][gpu7] c2_ascending_t3_v3: depth frame 200/521, elapsed 22.2s
[2026-09-25T00:22:23Z][gpu7] c2_ascending_t3_v3: depth frame 300/521, elapsed 33.0s
[2026-09-25T00:22:32Z][gpu7] c2_ascending_t3_v3: depth frame 400/521, elapsed 42.5s
[2026-09-25T00:22:42Z][gpu7] c2_ascending_t3_v3: depth frame 500/521, elapsed 52.2s
[2026-09-25T00:22:44Z][gpu7] c2_ascending_t3_v3: depth frame 521/521, elapsed 54.6s
[2026-09-25T00:22:44Z][gpu7] c2_ascending_t3_v3: pose pair (0,1), elapsed 0.1s
[2026-09-25T00:22:59Z][gpu7] c2_ascending_t3_v3: pose pair (100,101), elapsed 14.9s
[2026-09-25T00:23:15Z][gpu7] c2_ascending_t3_v3: pose pair (200,201), elapsed 31.1s
[2026-09-25T00:23:31Z][gpu7] c2_ascending_t3_v3: pose pair (300,301), elapsed 46.5s
[2026-09-25T00:23:43Z][gpu7] c2_ascending_t3_v3: pose pair (400,401), elapsed 59.0s
[2026-09-25T00:23:58Z][gpu7] c2_ascending_t3_v3: pose pair (500,501), elapsed 74.1s
[2026-09-25T00:24:02Z][gpu7] c2_ascending_t3_v3: pose pair (520,521), elapsed 78.0s
[2026-09-25T00:24:02Z][gpu7] c2_ascending_t3_v3: DONE in 140.3s, n_nonfinite_depth=0 n_nonfinite_pose=0
[2026-09-25T00:24:06Z][gpu7] c2_ascending_t4_v1: depth frame 0/291, elapsed 0.1s
[2026-09-25T00:24:16Z][gpu7] c2_ascending_t4_v1: depth frame 100/291, elapsed 9.8s
[2026-09-25T00:24:26Z][gpu7] c2_ascending_t4_v1: depth frame 200/291, elapsed 20.1s
[2026-09-25T00:24:35Z][gpu7] c2_ascending_t4_v1: depth frame 291/291, elapsed 29.4s
[2026-09-25T00:24:35Z][gpu7] c2_ascending_t4_v1: pose pair (0,1), elapsed 0.2s
[2026-09-25T00:24:50Z][gpu7] c2_ascending_t4_v1: pose pair (100,101), elapsed 15.2s
[2026-09-25T00:25:06Z][gpu7] c2_ascending_t4_v1: pose pair (200,201), elapsed 30.4s
[2026-09-25T00:25:20Z][gpu7] c2_ascending_t4_v1: pose pair (290,291), elapsed 44.6s
[2026-09-25T00:25:20Z][gpu7] c2_ascending_t4_v1: DONE in 77.2s, n_nonfinite_depth=0 n_nonfinite_pose=0
[2026-09-25T00:25:26Z][gpu7] c2_ascending_t4_v2: depth frame 0/454, elapsed 0.1s
[2026-09-25T00:25:37Z][gpu7] c2_ascending_t4_v2: depth frame 100/454, elapsed 10.2s
[2026-09-25T00:25:46Z][gpu7] c2_ascending_t4_v2: depth frame 200/454, elapsed 20.0s
[2026-09-25T00:25:56Z][gpu7] c2_ascending_t4_v2: depth frame 300/454, elapsed 29.8s
[2026-09-25T00:26:06Z][gpu7] c2_ascending_t4_v2: depth frame 400/454, elapsed 39.5s
[2026-09-25T00:26:11Z][gpu7] c2_ascending_t4_v2: depth frame 454/454, elapsed 44.7s
[2026-09-25T00:26:11Z][gpu7] c2_ascending_t4_v2: pose pair (0,1), elapsed 0.1s
[2026-09-25T00:26:26Z][gpu7] c2_ascending_t4_v2: pose pair (100,101), elapsed 15.1s
[2026-09-25T00:26:41Z][gpu7] c2_ascending_t4_v2: pose pair (200,201), elapsed 29.7s
[2026-09-25T00:26:55Z][gpu7] c2_ascending_t4_v2: pose pair (300,301), elapsed 44.0s
[2026-09-25T00:27:09Z][gpu7] c2_ascending_t4_v2: pose pair (400,401), elapsed 57.7s
[2026-09-25T00:27:17Z][gpu7] c2_ascending_t4_v2: pose pair (453,454), elapsed 65.9s
[2026-09-25T00:27:17Z][gpu7] c2_ascending_t4_v2: DONE in 116.7s, n_nonfinite_depth=0 n_nonfinite_pose=0
[2026-09-25T00:27:25Z][gpu7] c2_ascending_t4_v3: depth frame 0/454, elapsed 0.1s
[2026-09-25T00:27:35Z][gpu7] c2_ascending_t4_v3: depth frame 100/454, elapsed 10.4s
[2026-09-25T00:27:45Z][gpu7] c2_ascending_t4_v3: depth frame 200/454, elapsed 20.2s
[2026-09-25T00:27:54Z][gpu7] c2_ascending_t4_v3: depth frame 300/454, elapsed 29.8s
[2026-09-25T00:28:04Z][gpu7] c2_ascending_t4_v3: depth frame 400/454, elapsed 39.1s
[2026-09-25T00:28:10Z][gpu7] c2_ascending_t4_v3: depth frame 454/454, elapsed 45.0s
[2026-09-25T00:28:10Z][gpu7] c2_ascending_t4_v3: pose pair (0,1), elapsed 0.2s
[2026-09-25T00:28:27Z][gpu7] c2_ascending_t4_v3: pose pair (100,101), elapsed 17.4s
[2026-09-25T00:28:42Z][gpu7] c2_ascending_t4_v3: pose pair (200,201), elapsed 32.6s
[2026-09-25T00:28:58Z][gpu7] c2_ascending_t4_v3: pose pair (300,301), elapsed 48.2s
[2026-09-25T00:29:13Z][gpu7] c2_ascending_t4_v3: pose pair (400,401), elapsed 63.0s
[2026-09-25T00:29:22Z][gpu7] c2_ascending_t4_v3: pose pair (453,454), elapsed 72.7s
[2026-09-25T00:29:22Z][gpu7] c2_ascending_t4_v3: DONE in 124.8s, n_nonfinite_depth=0 n_nonfinite_pose=0
[2026-09-25T00:29:27Z][gpu7] c2_cecum_t1_v1: depth frame 0/303, elapsed 0.1s
[2026-09-25T00:29:36Z][gpu7] c2_cecum_t1_v1: depth frame 100/303, elapsed 9.4s
[2026-09-25T00:29:45Z][gpu7] c2_cecum_t1_v1: depth frame 200/303, elapsed 18.2s
[2026-09-25T00:29:54Z][gpu7] c2_cecum_t1_v1: depth frame 300/303, elapsed 27.0s
[2026-09-25T00:29:54Z][gpu7] c2_cecum_t1_v1: depth frame 303/303, elapsed 27.2s
[2026-09-25T00:29:54Z][gpu7] c2_cecum_t1_v1: pose pair (0,1), elapsed 0.2s
[2026-09-25T00:30:07Z][gpu7] c2_cecum_t1_v1: pose pair (100,101), elapsed 12.9s
[2026-09-25T00:30:21Z][gpu7] c2_cecum_t1_v1: pose pair (200,201), elapsed 27.3s
[2026-09-25T00:30:36Z][gpu7] c2_cecum_t1_v1: pose pair (300,301), elapsed 42.3s
[2026-09-25T00:30:37Z][gpu7] c2_cecum_t1_v1: pose pair (302,303), elapsed 42.5s
[2026-09-25T00:30:37Z][gpu7] c2_cecum_t1_v1: DONE in 73.7s, n_nonfinite_depth=0 n_nonfinite_pose=0
[2026-09-25T00:30:44Z][gpu7] c2_cecum_t1_v2: depth frame 0/430, elapsed 0.1s
[2026-09-25T00:30:53Z][gpu7] c2_cecum_t1_v2: depth frame 100/430, elapsed 9.6s
[2026-09-25T00:31:04Z][gpu7] c2_cecum_t1_v2: depth frame 200/430, elapsed 20.0s
[2026-09-25T00:31:14Z][gpu7] c2_cecum_t1_v2: depth frame 300/430, elapsed 30.4s
[2026-09-25T00:31:24Z][gpu7] c2_cecum_t1_v2: depth frame 400/430, elapsed 40.1s
[2026-09-25T00:31:27Z][gpu7] c2_cecum_t1_v2: depth frame 430/430, elapsed 43.0s
[2026-09-25T00:31:27Z][gpu7] c2_cecum_t1_v2: pose pair (0,1), elapsed 0.1s
[2026-09-25T00:31:39Z][gpu7] c2_cecum_t1_v2: pose pair (100,101), elapsed 12.2s
[2026-09-25T00:31:51Z][gpu7] c2_cecum_t1_v2: pose pair (200,201), elapsed 24.5s
[2026-09-25T00:32:05Z][gpu7] c2_cecum_t1_v2: pose pair (300,301), elapsed 38.3s
[2026-09-25T00:32:17Z][gpu7] c2_cecum_t1_v2: pose pair (400,401), elapsed 50.2s
[2026-09-25T00:32:21Z][gpu7] c2_cecum_t1_v2: pose pair (429,430), elapsed 54.8s
[2026-09-25T00:32:22Z][gpu7] c2_cecum_t1_v2: DONE in 104.6s, n_nonfinite_depth=0 n_nonfinite_pose=0
[2026-09-25T00:32:30Z][gpu7] c2_cecum_t1_v3: depth frame 0/430, elapsed 0.1s
[2026-09-25T00:32:40Z][gpu7] c2_cecum_t1_v3: depth frame 100/430, elapsed 9.8s
[2026-09-25T00:32:51Z][gpu7] c2_cecum_t1_v3: depth frame 200/430, elapsed 21.0s
[2026-09-25T00:33:02Z][gpu7] c2_cecum_t1_v3: depth frame 300/430, elapsed 32.2s
[2026-09-25T00:33:12Z][gpu7] c2_cecum_t1_v3: depth frame 400/430, elapsed 41.8s
[2026-09-25T00:33:15Z][gpu7] c2_cecum_t1_v3: depth frame 430/430, elapsed 44.9s
[2026-09-25T00:33:15Z][gpu7] c2_cecum_t1_v3: pose pair (0,1), elapsed 0.2s
[2026-09-25T00:33:28Z][gpu7] c2_cecum_t1_v3: pose pair (100,101), elapsed 12.6s
[2026-09-25T00:33:45Z][gpu7] c2_cecum_t1_v3: pose pair (200,201), elapsed 29.8s
[2026-09-25T00:34:01Z][gpu7] c2_cecum_t1_v3: pose pair (300,301), elapsed 45.4s
[2026-09-25T00:34:15Z][gpu7] c2_cecum_t1_v3: pose pair (400,401), elapsed 60.3s
[2026-09-25T00:34:21Z][gpu7] c2_cecum_t1_v3: pose pair (429,430), elapsed 65.8s
[2026-09-25T00:34:21Z][gpu7] c2_cecum_t1_v3: DONE in 119.0s, n_nonfinite_depth=0 n_nonfinite_pose=0
[2026-09-25T00:34:28Z][gpu7] c2_cecum_t2_v2: depth frame 0/451, elapsed 0.1s
[2026-09-25T00:34:38Z][gpu7] c2_cecum_t2_v2: depth frame 100/451, elapsed 9.7s
[2026-09-25T00:34:47Z][gpu7] c2_cecum_t2_v2: depth frame 200/451, elapsed 19.5s
[2026-09-25T00:34:57Z][gpu7] c2_cecum_t2_v2: depth frame 300/451, elapsed 29.4s
[2026-09-25T00:35:07Z][gpu7] c2_cecum_t2_v2: depth frame 400/451, elapsed 39.1s
[2026-09-25T00:35:11Z][gpu7] c2_cecum_t2_v2: depth frame 451/451, elapsed 43.6s
[2026-09-25T00:35:12Z][gpu7] c2_cecum_t2_v2: pose pair (0,1), elapsed 0.2s
[2026-09-25T00:35:24Z][gpu7] c2_cecum_t2_v2: pose pair (100,101), elapsed 12.9s
[2026-09-25T00:35:36Z][gpu7] c2_cecum_t2_v2: pose pair (200,201), elapsed 24.9s
[2026-09-25T00:35:50Z][gpu7] c2_cecum_t2_v2: pose pair (300,301), elapsed 38.1s
[2026-09-25T00:36:03Z][gpu7] c2_cecum_t2_v2: pose pair (400,401), elapsed 51.3s
[2026-09-25T00:36:10Z][gpu7] c2_cecum_t2_v2: pose pair (450,451), elapsed 58.8s
[2026-09-25T00:36:10Z][gpu7] c2_cecum_t2_v2: DONE in 108.9s, n_nonfinite_depth=0 n_nonfinite_pose=0
[2026-09-25T00:36:19Z][gpu7] c2_cecum_t2_v3: depth frame 0/451, elapsed 0.1s
[2026-09-25T00:36:28Z][gpu7] c2_cecum_t2_v3: depth frame 100/451, elapsed 9.6s
[2026-09-25T00:36:38Z][gpu7] c2_cecum_t2_v3: depth frame 200/451, elapsed 19.2s
[2026-09-25T00:36:47Z][gpu7] c2_cecum_t2_v3: depth frame 300/451, elapsed 28.4s
[2026-09-25T00:36:57Z][gpu7] c2_cecum_t2_v3: depth frame 400/451, elapsed 37.7s
[2026-09-25T00:37:02Z][gpu7] c2_cecum_t2_v3: depth frame 451/451, elapsed 42.8s
[2026-09-25T00:37:02Z][gpu7] c2_cecum_t2_v3: pose pair (0,1), elapsed 0.2s
[2026-09-25T00:37:16Z][gpu7] c2_cecum_t2_v3: pose pair (100,101), elapsed 13.9s
[2026-09-25T00:37:31Z][gpu7] c2_cecum_t2_v3: pose pair (200,201), elapsed 29.6s
[2026-09-25T00:37:44Z][gpu7] c2_cecum_t2_v3: pose pair (300,301), elapsed 41.9s
[2026-09-25T00:37:58Z][gpu7] c2_cecum_t2_v3: pose pair (400,401), elapsed 56.5s
[2026-09-25T00:38:06Z][gpu7] c2_cecum_t2_v3: pose pair (450,451), elapsed 64.6s
[2026-09-25T00:38:06Z][gpu7] c2_cecum_t2_v3: DONE in 115.4s, n_nonfinite_depth=0 n_nonfinite_pose=0
[2026-09-25T00:38:09Z][gpu7] c2_cecum_t3_v1: depth frame 0/227, elapsed 0.1s
[2026-09-25T00:38:19Z][gpu7] c2_cecum_t3_v1: depth frame 100/227, elapsed 9.6s
[2026-09-25T00:38:28Z][gpu7] c2_cecum_t3_v1: depth frame 200/227, elapsed 18.8s
[2026-09-25T00:38:30Z][gpu7] c2_cecum_t3_v1: depth frame 227/227, elapsed 21.3s
[2026-09-25T00:38:31Z][gpu7] c2_cecum_t3_v1: pose pair (0,1), elapsed 0.2s
[2026-09-25T00:38:44Z][gpu7] c2_cecum_t3_v1: pose pair (100,101), elapsed 13.5s
[2026-09-25T00:38:57Z][gpu7] c2_cecum_t3_v1: pose pair (200,201), elapsed 26.3s
[2026-09-25T00:39:01Z][gpu7] c2_cecum_t3_v1: pose pair (226,227), elapsed 30.2s
[2026-09-25T00:39:01Z][gpu7] c2_cecum_t3_v1: DONE in 53.9s, n_nonfinite_depth=0 n_nonfinite_pose=0
[2026-09-25T00:39:04Z][gpu7] c2_cecum_t3_v2: depth frame 0/305, elapsed 0.1s
[2026-09-25T00:39:14Z][gpu7] c2_cecum_t3_v2: depth frame 100/305, elapsed 9.6s
[2026-09-25T00:39:23Z][gpu7] c2_cecum_t3_v2: depth frame 200/305, elapsed 19.2s
[2026-09-25T00:39:33Z][gpu7] c2_cecum_t3_v2: depth frame 300/305, elapsed 28.5s
[2026-09-25T00:39:33Z][gpu7] c2_cecum_t3_v2: depth frame 305/305, elapsed 29.0s
[2026-09-25T00:39:33Z][gpu7] c2_cecum_t3_v2: pose pair (0,1), elapsed 0.2s
[2026-09-25T00:39:45Z][gpu7] c2_cecum_t3_v2: pose pair (100,101), elapsed 11.9s
[2026-09-25T00:40:00Z][gpu7] c2_cecum_t3_v2: pose pair (200,201), elapsed 27.1s
[2026-09-25T00:40:14Z][gpu7] c2_cecum_t3_v2: pose pair (300,301), elapsed 40.9s
[2026-09-25T00:40:14Z][gpu7] c2_cecum_t3_v2: pose pair (304,305), elapsed 41.3s
[2026-09-25T00:40:15Z][gpu7] c2_cecum_t3_v2: DONE in 73.6s, n_nonfinite_depth=0 n_nonfinite_pose=0
[2026-09-25T00:40:20Z][gpu7] c2_cecum_t3_v3: depth frame 0/305, elapsed 0.1s
[2026-09-25T00:40:30Z][gpu7] c2_cecum_t3_v3: depth frame 100/305, elapsed 9.9s
[2026-09-25T00:40:42Z][gpu7] c2_cecum_t3_v3: depth frame 200/305, elapsed 21.3s
[2026-09-25T00:40:52Z][gpu7] c2_cecum_t3_v3: depth frame 300/305, elapsed 31.5s
[2026-09-25T00:40:52Z][gpu7] c2_cecum_t3_v3: depth frame 305/305, elapsed 32.0s
[2026-09-25T00:40:52Z][gpu7] c2_cecum_t3_v3: pose pair (0,1), elapsed 0.1s
[2026-09-25T00:41:08Z][gpu7] c2_cecum_t3_v3: pose pair (100,101), elapsed 15.9s
[2026-09-25T00:41:24Z][gpu7] c2_cecum_t3_v3: pose pair (200,201), elapsed 31.9s
[2026-09-25T00:41:38Z][gpu7] c2_cecum_t3_v3: pose pair (300,301), elapsed 46.2s
[2026-09-25T00:41:39Z][gpu7] c2_cecum_t3_v3: pose pair (304,305), elapsed 46.8s
[2026-09-25T00:41:39Z][gpu7] c2_cecum_t3_v3: DONE in 84.3s, n_nonfinite_depth=0 n_nonfinite_pose=0
[2026-09-25T00:41:42Z][gpu7] c2_cecum_t4_v1: depth frame 0/190, elapsed 0.1s
[2026-09-25T00:41:51Z][gpu7] c2_cecum_t4_v1: depth frame 100/190, elapsed 9.3s
[2026-09-25T00:41:59Z][gpu7] c2_cecum_t4_v1: depth frame 190/190, elapsed 17.6s
[2026-09-25T00:41:59Z][gpu7] c2_cecum_t4_v1: pose pair (0,1), elapsed 0.2s
[2026-09-25T00:42:13Z][gpu7] c2_cecum_t4_v1: pose pair (100,101), elapsed 13.7s
[2026-09-25T00:42:24Z][gpu7] c2_cecum_t4_v1: pose pair (189,190), elapsed 25.3s
[2026-09-25T00:42:25Z][gpu7] c2_cecum_t4_v1: DONE in 45.1s, n_nonfinite_depth=0 n_nonfinite_pose=0
[2026-09-25T00:42:31Z][gpu7] c2_cecum_t4_v2: depth frame 0/519, elapsed 0.1s
[2026-09-25T00:42:40Z][gpu7] c2_cecum_t4_v2: depth frame 100/519, elapsed 9.1s
[2026-09-25T00:42:50Z][gpu7] c2_cecum_t4_v2: depth frame 200/519, elapsed 19.6s
[2026-09-25T00:43:00Z][gpu7] c2_cecum_t4_v2: depth frame 300/519, elapsed 29.6s
[2026-09-25T00:43:10Z][gpu7] c2_cecum_t4_v2: depth frame 400/519, elapsed 38.9s
[2026-09-25T00:43:19Z][gpu7] c2_cecum_t4_v2: depth frame 500/519, elapsed 48.0s
[2026-09-25T00:43:21Z][gpu7] c2_cecum_t4_v2: depth frame 519/519, elapsed 49.8s
[2026-09-25T00:43:21Z][gpu7] c2_cecum_t4_v2: pose pair (0,1), elapsed 0.1s
[2026-09-25T00:43:32Z][gpu7] c2_cecum_t4_v2: pose pair (100,101), elapsed 11.6s
[2026-09-25T00:43:46Z][gpu7] c2_cecum_t4_v2: pose pair (200,201), elapsed 25.3s
[2026-09-25T00:43:59Z][gpu7] c2_cecum_t4_v2: pose pair (300,301), elapsed 38.4s
[2026-09-25T00:44:12Z][gpu7] c2_cecum_t4_v2: pose pair (400,401), elapsed 51.8s
[2026-09-25T00:44:25Z][gpu7] c2_cecum_t4_v2: pose pair (500,501), elapsed 64.1s
[2026-09-25T00:44:28Z][gpu7] c2_cecum_t4_v2: pose pair (518,519), elapsed 67.2s
[2026-09-25T00:44:28Z][gpu7] c2_cecum_t4_v2: DONE in 123.1s, n_nonfinite_depth=0 n_nonfinite_pose=0
[2026-09-25T00:44:35Z][gpu7] c2_cecum_t4_v3: depth frame 0/519, elapsed 0.1s
[2026-09-25T00:44:45Z][gpu7] c2_cecum_t4_v3: depth frame 100/519, elapsed 9.9s
[2026-09-25T00:44:56Z][gpu7] c2_cecum_t4_v3: depth frame 200/519, elapsed 21.1s
[2026-09-25T00:45:06Z][gpu7] c2_cecum_t4_v3: depth frame 300/519, elapsed 31.0s
[2026-09-25T00:45:16Z][gpu7] c2_cecum_t4_v3: depth frame 400/519, elapsed 40.7s
[2026-09-25T00:45:26Z][gpu7] c2_cecum_t4_v3: depth frame 500/519, elapsed 51.2s
[2026-09-25T00:45:29Z][gpu7] c2_cecum_t4_v3: depth frame 519/519, elapsed 53.4s
[2026-09-25T00:45:29Z][gpu7] c2_cecum_t4_v3: pose pair (0,1), elapsed 0.2s
[2026-09-25T00:45:42Z][gpu7] c2_cecum_t4_v3: pose pair (100,101), elapsed 13.3s
[2026-09-25T00:45:59Z][gpu7] c2_cecum_t4_v3: pose pair (200,201), elapsed 30.0s
[2026-09-25T00:46:11Z][gpu7] c2_cecum_t4_v3: pose pair (300,301), elapsed 42.1s
[2026-09-25T00:46:24Z][gpu7] c2_cecum_t4_v3: pose pair (400,401), elapsed 55.0s
[2026-09-25T00:46:37Z][gpu7] c2_cecum_t4_v3: pose pair (500,501), elapsed 68.4s
[2026-09-25T00:46:40Z][gpu7] c2_cecum_t4_v3: pose pair (518,519), elapsed 71.2s
[2026-09-25T00:46:40Z][gpu7] c2_cecum_t4_v3: DONE in 131.3s, n_nonfinite_depth=0 n_nonfinite_pose=0
[2026-09-25T00:46:43Z][gpu7] c2_descending_t3_v1: depth frame 0/197, elapsed 0.1s
[2026-09-25T00:46:52Z][gpu7] c2_descending_t3_v1: depth frame 100/197, elapsed 10.0s
[2026-09-25T00:47:02Z][gpu7] c2_descending_t3_v1: depth frame 197/197, elapsed 19.1s
[2026-09-25T00:47:02Z][gpu7] c2_descending_t3_v1: pose pair (0,1), elapsed 0.1s
[2026-09-25T00:47:15Z][gpu7] c2_descending_t3_v1: pose pair (100,101), elapsed 13.3s
[2026-09-25T00:47:28Z][gpu7] c2_descending_t3_v1: pose pair (196,197), elapsed 25.9s
[2026-09-25T00:47:28Z][gpu7] c2_descending_t3_v1: DONE in 47.2s, n_nonfinite_depth=0 n_nonfinite_pose=0
[2026-09-25T00:47:32Z][gpu7] c2_descending_t3_v2: depth frame 0/412, elapsed 0.1s
[2026-09-25T00:47:41Z][gpu7] c2_descending_t3_v2: depth frame 100/412, elapsed 9.2s
[2026-09-25T00:47:50Z][gpu7] c2_descending_t3_v2: depth frame 200/412, elapsed 18.1s
[2026-09-25T00:47:59Z][gpu7] c2_descending_t3_v2: depth frame 300/412, elapsed 27.1s
[2026-09-25T00:48:08Z][gpu7] c2_descending_t3_v2: depth frame 400/412, elapsed 36.3s
[2026-09-25T00:48:09Z][gpu7] c2_descending_t3_v2: depth frame 412/412, elapsed 37.4s
[2026-09-25T00:48:10Z][gpu7] c2_descending_t3_v2: pose pair (0,1), elapsed 0.1s
[2026-09-25T00:48:24Z][gpu7] c2_descending_t3_v2: pose pair (100,101), elapsed 14.8s
[2026-09-25T00:48:39Z][gpu7] c2_descending_t3_v2: pose pair (200,201), elapsed 29.2s
[2026-09-25T00:48:51Z][gpu7] c2_descending_t3_v2: pose pair (300,301), elapsed 41.9s
[2026-09-25T00:49:05Z][gpu7] c2_descending_t3_v2: pose pair (400,401), elapsed 55.1s
[2026-09-25T00:49:06Z][gpu7] c2_descending_t3_v2: pose pair (411,412), elapsed 56.7s
[2026-09-25T00:49:06Z][gpu7] c2_descending_t3_v2: DONE in 98.3s, n_nonfinite_depth=0 n_nonfinite_pose=0
[2026-09-25T00:49:14Z][gpu7] c2_descending_t3_v3: depth frame 0/412, elapsed 0.1s
[2026-09-25T00:49:24Z][gpu7] c2_descending_t3_v3: depth frame 100/412, elapsed 10.2s
[2026-09-25T00:49:34Z][gpu7] c2_descending_t3_v3: depth frame 200/412, elapsed 20.0s
[2026-09-25T00:49:44Z][gpu7] c2_descending_t3_v3: depth frame 300/412, elapsed 30.1s
[2026-09-25T00:49:53Z][gpu7] c2_descending_t3_v3: depth frame 400/412, elapsed 39.5s
[2026-09-25T00:49:54Z][gpu7] c2_descending_t3_v3: depth frame 412/412, elapsed 40.7s
[2026-09-25T00:49:54Z][gpu7] c2_descending_t3_v3: pose pair (0,1), elapsed 0.2s
[2026-09-25T00:50:10Z][gpu7] c2_descending_t3_v3: pose pair (100,101), elapsed 15.5s
[2026-09-25T00:50:23Z][gpu7] c2_descending_t3_v3: pose pair (200,201), elapsed 29.1s
[2026-09-25T00:50:37Z][gpu7] c2_descending_t3_v3: pose pair (300,301), elapsed 43.2s
[2026-09-25T00:50:51Z][gpu7] c2_descending_t3_v3: pose pair (400,401), elapsed 57.1s
[2026-09-25T00:50:53Z][gpu7] c2_descending_t3_v3: pose pair (411,412), elapsed 58.9s
[2026-09-25T00:50:53Z][gpu7] c2_descending_t3_v3: DONE in 106.6s, n_nonfinite_depth=0 n_nonfinite_pose=0
[2026-09-25T00:50:56Z][gpu7] c2_descending_t4_v1: depth frame 0/251, elapsed 0.1s
[2026-09-25T00:51:06Z][gpu7] c2_descending_t4_v1: depth frame 100/251, elapsed 9.9s
[2026-09-25T00:51:16Z][gpu7] c2_descending_t4_v1: depth frame 200/251, elapsed 19.5s
[2026-09-25T00:51:21Z][gpu7] c2_descending_t4_v1: depth frame 251/251, elapsed 24.5s
[2026-09-25T00:51:21Z][gpu7] c2_descending_t4_v1: pose pair (0,1), elapsed 0.1s
[2026-09-25T00:51:36Z][gpu7] c2_descending_t4_v1: pose pair (100,101), elapsed 15.1s
[2026-09-25T00:51:51Z][gpu7] c2_descending_t4_v1: pose pair (200,201), elapsed 29.7s
[2026-09-25T00:51:58Z][gpu7] c2_descending_t4_v1: pose pair (250,251), elapsed 37.2s
[2026-09-25T00:51:58Z][gpu7] c2_descending_t4_v1: DONE in 64.6s, n_nonfinite_depth=0 n_nonfinite_pose=0
[2026-09-25T00:52:00Z][gpu7] c2_descending_t4_v2: depth frame 0/127, elapsed 0.1s
[2026-09-25T00:52:10Z][gpu7] c2_descending_t4_v2: depth frame 100/127, elapsed 10.0s
[2026-09-25T00:52:12Z][gpu7] c2_descending_t4_v2: depth frame 127/127, elapsed 12.7s
[2026-09-25T00:52:13Z][gpu7] c2_descending_t4_v2: pose pair (0,1), elapsed 0.1s
[2026-09-25T00:52:25Z][gpu7] c2_descending_t4_v2: pose pair (100,101), elapsed 12.7s
[2026-09-25T00:52:29Z][gpu7] c2_descending_t4_v2: pose pair (126,127), elapsed 17.0s
[2026-09-25T00:52:30Z][gpu7] c2_descending_t4_v2: DONE in 31.0s, n_nonfinite_depth=0 n_nonfinite_pose=0
[2026-09-25T00:52:31Z][gpu7] c2_descending_t4_v3: depth frame 0/127, elapsed 0.1s
[2026-09-25T00:52:41Z][gpu7] c2_descending_t4_v3: depth frame 100/127, elapsed 9.8s
[2026-09-25T00:52:44Z][gpu7] c2_descending_t4_v3: depth frame 127/127, elapsed 12.7s
[2026-09-25T00:52:44Z][gpu7] c2_descending_t4_v3: pose pair (0,1), elapsed 0.1s
[2026-09-25T00:52:56Z][gpu7] c2_descending_t4_v3: pose pair (100,101), elapsed 11.7s
[2026-09-25T00:52:59Z][gpu7] c2_descending_t4_v3: pose pair (126,127), elapsed 15.5s
[2026-09-25T00:52:59Z][gpu7] c2_descending_t4_v3: DONE in 29.7s, n_nonfinite_depth=0 n_nonfinite_pose=0
[2026-09-25T00:53:01Z][gpu7] c2_rectum_t1_v1: depth frame 0/153, elapsed 0.1s
[2026-09-25T00:53:11Z][gpu7] c2_rectum_t1_v1: depth frame 100/153, elapsed 10.0s
[2026-09-25T00:53:16Z][gpu7] c2_rectum_t1_v1: depth frame 153/153, elapsed 15.6s
[2026-09-25T00:53:17Z][gpu7] c2_rectum_t1_v1: pose pair (0,1), elapsed 0.1s
[2026-09-25T00:53:31Z][gpu7] c2_rectum_t1_v1: pose pair (100,101), elapsed 14.9s
[2026-09-25T00:53:41Z][gpu7] c2_rectum_t1_v1: pose pair (152,153), elapsed 24.3s
[2026-09-25T00:53:41Z][gpu7] c2_rectum_t1_v1: DONE in 41.3s, n_nonfinite_depth=0 n_nonfinite_pose=0
[2026-09-25T00:53:50Z][gpu7] c2_rectum_t1_v2: depth frame 0/711, elapsed 0.1s
[2026-09-25T00:54:00Z][gpu7] c2_rectum_t1_v2: depth frame 100/711, elapsed 10.5s
[2026-09-25T00:54:11Z][gpu7] c2_rectum_t1_v2: depth frame 200/711, elapsed 21.1s
[2026-09-25T00:54:20Z][gpu7] c2_rectum_t1_v2: depth frame 300/711, elapsed 30.3s
[2026-09-25T00:54:29Z][gpu7] c2_rectum_t1_v2: depth frame 400/711, elapsed 39.1s
[2026-09-25T00:54:38Z][gpu7] c2_rectum_t1_v2: depth frame 500/711, elapsed 48.0s
[2026-09-25T00:54:47Z][gpu7] c2_rectum_t1_v2: depth frame 600/711, elapsed 57.3s
[2026-09-25T00:54:57Z][gpu7] c2_rectum_t1_v2: depth frame 700/711, elapsed 66.9s
[2026-09-25T00:54:58Z][gpu7] c2_rectum_t1_v2: depth frame 711/711, elapsed 68.2s
[2026-09-25T00:54:58Z][gpu7] c2_rectum_t1_v2: pose pair (0,1), elapsed 0.1s
[2026-09-25T00:55:12Z][gpu7] c2_rectum_t1_v2: pose pair (100,101), elapsed 13.4s
[2026-09-25T00:55:28Z][gpu7] c2_rectum_t1_v2: pose pair (200,201), elapsed 30.2s
[2026-09-25T00:55:42Z][gpu7] c2_rectum_t1_v2: pose pair (300,301), elapsed 44.0s
[2026-09-25T00:55:56Z][gpu7] c2_rectum_t1_v2: pose pair (400,401), elapsed 58.0s
[2026-09-25T00:56:11Z][gpu7] c2_rectum_t1_v2: pose pair (500,501), elapsed 72.4s
[2026-09-25T00:56:26Z][gpu7] c2_rectum_t1_v2: pose pair (600,601), elapsed 87.7s
[2026-09-25T00:56:38Z][gpu7] c2_rectum_t1_v2: pose pair (700,701), elapsed 99.4s
[2026-09-25T00:56:39Z][gpu7] c2_rectum_t1_v2: pose pair (710,711), elapsed 100.5s
[2026-09-25T00:56:39Z][gpu7] c2_rectum_t1_v2: DONE in 177.8s, n_nonfinite_depth=0 n_nonfinite_pose=0
[2026-09-25T00:56:51Z][gpu7] c2_rectum_t1_v3: depth frame 0/711, elapsed 0.1s
[2026-09-25T00:57:01Z][gpu7] c2_rectum_t1_v3: depth frame 100/711, elapsed 10.0s
[2026-09-25T00:57:12Z][gpu7] c2_rectum_t1_v3: depth frame 200/711, elapsed 21.4s
[2026-09-25T00:57:22Z][gpu7] c2_rectum_t1_v3: depth frame 300/711, elapsed 31.6s
[2026-09-25T00:57:32Z][gpu7] c2_rectum_t1_v3: depth frame 400/711, elapsed 41.6s
[2026-09-25T00:57:42Z][gpu7] c2_rectum_t1_v3: depth frame 500/711, elapsed 51.2s
[2026-09-25T00:57:51Z][gpu7] c2_rectum_t1_v3: depth frame 600/711, elapsed 60.1s
[2026-09-25T00:58:01Z][gpu7] c2_rectum_t1_v3: depth frame 700/711, elapsed 70.3s
[2026-09-25T00:58:02Z][gpu7] c2_rectum_t1_v3: depth frame 711/711, elapsed 71.5s
[2026-09-25T00:58:02Z][gpu7] c2_rectum_t1_v3: pose pair (0,1), elapsed 0.2s
[2026-09-25T00:58:17Z][gpu7] c2_rectum_t1_v3: pose pair (100,101), elapsed 14.7s
[2026-09-25T00:58:34Z][gpu7] c2_rectum_t1_v3: pose pair (200,201), elapsed 32.0s
[2026-09-25T00:58:48Z][gpu7] c2_rectum_t1_v3: pose pair (300,301), elapsed 46.3s
[2026-09-25T00:59:03Z][gpu7] c2_rectum_t1_v3: pose pair (400,401), elapsed 61.3s
[2026-09-25T00:59:17Z][gpu7] c2_rectum_t1_v3: pose pair (500,501), elapsed 75.2s
[2026-09-25T00:59:31Z][gpu7] c2_rectum_t1_v3: pose pair (600,601), elapsed 88.5s
[2026-09-25T00:59:45Z][gpu7] c2_rectum_t1_v3: pose pair (700,701), elapsed 102.4s
[2026-09-25T00:59:46Z][gpu7] c2_rectum_t1_v3: pose pair (710,711), elapsed 103.8s
[2026-09-25T00:59:46Z][gpu7] c2_rectum_t1_v3: DONE in 186.5s, n_nonfinite_depth=0 n_nonfinite_pose=0
[2026-09-25T00:59:53Z][gpu7] c2_rectum_t2_v1: depth frame 0/518, elapsed 0.1s
[2026-09-25T01:00:03Z][gpu7] c2_rectum_t2_v1: depth frame 100/518, elapsed 9.6s
[2026-09-25T01:00:12Z][gpu7] c2_rectum_t2_v1: depth frame 200/518, elapsed 19.1s
[2026-09-25T01:00:21Z][gpu7] c2_rectum_t2_v1: depth frame 300/518, elapsed 28.3s
[2026-09-25T01:00:30Z][gpu7] c2_rectum_t2_v1: depth frame 400/518, elapsed 37.3s
[2026-09-25T01:00:39Z][gpu7] c2_rectum_t2_v1: depth frame 500/518, elapsed 45.5s
[2026-09-25T01:00:40Z][gpu7] c2_rectum_t2_v1: depth frame 518/518, elapsed 47.3s
[2026-09-25T01:00:40Z][gpu7] c2_rectum_t2_v1: pose pair (0,1), elapsed 0.1s
[2026-09-25T01:00:51Z][gpu7] c2_rectum_t2_v1: pose pair (100,101), elapsed 10.4s
[2026-09-25T01:01:02Z][gpu7] c2_rectum_t2_v1: pose pair (200,201), elapsed 22.1s
[2026-09-25T01:01:16Z][gpu7] c2_rectum_t2_v1: pose pair (300,301), elapsed 35.8s
[2026-09-25T01:01:29Z][gpu7] c2_rectum_t2_v1: pose pair (400,401), elapsed 48.7s
[2026-09-25T01:01:41Z][gpu7] c2_rectum_t2_v1: pose pair (500,501), elapsed 60.4s
[2026-09-25T01:01:44Z][gpu7] c2_rectum_t2_v1: pose pair (517,518), elapsed 63.2s
[2026-09-25T01:01:44Z][gpu7] c2_rectum_t2_v1: DONE in 116.8s, n_nonfinite_depth=0 n_nonfinite_pose=0
[2026-09-25T01:01:49Z][gpu7] c2_rectum_t2_v2: depth frame 0/382, elapsed 0.1s
[2026-09-25T01:01:58Z][gpu7] c2_rectum_t2_v2: depth frame 100/382, elapsed 9.1s
[2026-09-25T01:02:07Z][gpu7] c2_rectum_t2_v2: depth frame 200/382, elapsed 18.3s
[2026-09-25T01:02:17Z][gpu7] c2_rectum_t2_v2: depth frame 300/382, elapsed 27.8s
[2026-09-25T01:02:25Z][gpu7] c2_rectum_t2_v2: depth frame 382/382, elapsed 35.4s
[2026-09-25T01:02:25Z][gpu7] c2_rectum_t2_v2: pose pair (0,1), elapsed 0.1s
[2026-09-25T01:02:39Z][gpu7] c2_rectum_t2_v2: pose pair (100,101), elapsed 14.9s
[2026-09-25T01:02:52Z][gpu7] c2_rectum_t2_v2: pose pair (200,201), elapsed 27.3s
[2026-09-25T01:03:05Z][gpu7] c2_rectum_t2_v2: pose pair (300,301), elapsed 40.5s
[2026-09-25T01:03:16Z][gpu7] c2_rectum_t2_v2: pose pair (381,382), elapsed 51.7s
[2026-09-25T01:03:16Z][gpu7] c2_rectum_t2_v2: DONE in 92.1s, n_nonfinite_depth=0 n_nonfinite_pose=0
[2026-09-25T01:03:23Z][gpu7] c2_rectum_t2_v3: depth frame 0/382, elapsed 0.1s
[2026-09-25T01:03:33Z][gpu7] c2_rectum_t2_v3: depth frame 100/382, elapsed 9.6s
[2026-09-25T01:03:42Z][gpu7] c2_rectum_t2_v3: depth frame 200/382, elapsed 19.1s
[2026-09-25T01:03:52Z][gpu7] c2_rectum_t2_v3: depth frame 300/382, elapsed 28.6s
[2026-09-25T01:04:00Z][gpu7] c2_rectum_t2_v3: depth frame 382/382, elapsed 36.6s
[2026-09-25T01:04:00Z][gpu7] c2_rectum_t2_v3: pose pair (0,1), elapsed 0.2s
[2026-09-25T01:04:14Z][gpu7] c2_rectum_t2_v3: pose pair (100,101), elapsed 14.1s
[2026-09-25T01:04:26Z][gpu7] c2_rectum_t2_v3: pose pair (200,201), elapsed 26.7s
[2026-09-25T01:04:39Z][gpu7] c2_rectum_t2_v3: pose pair (300,301), elapsed 39.2s
[2026-09-25T01:04:51Z][gpu7] c2_rectum_t2_v3: pose pair (381,382), elapsed 51.5s
[2026-09-25T01:04:51Z][gpu7] c2_rectum_t2_v3: DONE in 94.6s, n_nonfinite_depth=0 n_nonfinite_pose=0
[2026-09-25T01:04:55Z][gpu7] c2_rectum_t3_v1: depth frame 0/280, elapsed 0.1s
[2026-09-25T01:05:05Z][gpu7] c2_rectum_t3_v1: depth frame 100/280, elapsed 9.9s
[2026-09-25T01:05:15Z][gpu7] c2_rectum_t3_v1: depth frame 200/280, elapsed 19.9s
[2026-09-25T01:05:23Z][gpu7] c2_rectum_t3_v1: depth frame 280/280, elapsed 28.2s
[2026-09-25T01:05:23Z][gpu7] c2_rectum_t3_v1: pose pair (0,1), elapsed 0.1s
[2026-09-25T01:05:38Z][gpu7] c2_rectum_t3_v1: pose pair (100,101), elapsed 14.7s
[2026-09-25T01:05:52Z][gpu7] c2_rectum_t3_v1: pose pair (200,201), elapsed 29.0s
[2026-09-25T01:06:05Z][gpu7] c2_rectum_t3_v1: pose pair (279,280), elapsed 41.5s
[2026-09-25T01:06:05Z][gpu7] c2_rectum_t3_v1: DONE in 73.1s, n_nonfinite_depth=0 n_nonfinite_pose=0
[2026-09-25T01:06:09Z][gpu7] c2_rectum_t3_v2: depth frame 0/332, elapsed 0.1s
[2026-09-25T01:06:19Z][gpu7] c2_rectum_t3_v2: depth frame 100/332, elapsed 10.0s
[2026-09-25T01:06:29Z][gpu7] c2_rectum_t3_v2: depth frame 200/332, elapsed 19.7s
[2026-09-25T01:06:39Z][gpu7] c2_rectum_t3_v2: depth frame 300/332, elapsed 29.4s
[2026-09-25T01:06:42Z][gpu7] c2_rectum_t3_v2: depth frame 332/332, elapsed 32.7s
[2026-09-25T01:06:42Z][gpu7] c2_rectum_t3_v2: pose pair (0,1), elapsed 0.1s
[2026-09-25T01:06:56Z][gpu7] c2_rectum_t3_v2: pose pair (100,101), elapsed 14.4s
[2026-09-25T01:07:09Z][gpu7] c2_rectum_t3_v2: pose pair (200,201), elapsed 26.7s
[2026-09-25T01:07:20Z][gpu7] c2_rectum_t3_v2: pose pair (300,301), elapsed 37.7s
[2026-09-25T01:07:23Z][gpu7] c2_rectum_t3_v2: pose pair (331,332), elapsed 41.4s
[2026-09-25T01:07:24Z][gpu7] c2_rectum_t3_v2: DONE in 78.4s, n_nonfinite_depth=0 n_nonfinite_pose=0
[2026-09-25T01:07:27Z][gpu7] c2_rectum_t3_v3: depth frame 0/332, elapsed 0.2s
[2026-09-25T01:07:36Z][gpu7] c2_rectum_t3_v3: depth frame 100/332, elapsed 8.9s
[2026-09-25T01:07:45Z][gpu7] c2_rectum_t3_v3: depth frame 200/332, elapsed 17.5s
[2026-09-25T01:07:54Z][gpu7] c2_rectum_t3_v3: depth frame 300/332, elapsed 26.4s
[2026-09-25T01:07:57Z][gpu7] c2_rectum_t3_v3: depth frame 332/332, elapsed 29.5s
[2026-09-25T01:07:57Z][gpu7] c2_rectum_t3_v3: pose pair (0,1), elapsed 0.2s
[2026-09-25T01:08:09Z][gpu7] c2_rectum_t3_v3: pose pair (100,101), elapsed 12.2s
[2026-09-25T01:08:20Z][gpu7] c2_rectum_t3_v3: pose pair (200,201), elapsed 23.7s
[2026-09-25T01:08:33Z][gpu7] c2_rectum_t3_v3: pose pair (300,301), elapsed 36.1s
[2026-09-25T01:08:37Z][gpu7] c2_rectum_t3_v3: pose pair (331,332), elapsed 40.6s
[2026-09-25T01:08:38Z][gpu7] c2_rectum_t3_v3: DONE in 73.7s, n_nonfinite_depth=0 n_nonfinite_pose=0
[2026-09-25T01:08:40Z][gpu7] c2_rectum_t4_v1: depth frame 0/197, elapsed 0.1s
[2026-09-25T01:08:49Z][gpu7] c2_rectum_t4_v1: depth frame 100/197, elapsed 9.1s
[2026-09-25T01:08:58Z][gpu7] c2_rectum_t4_v1: depth frame 197/197, elapsed 17.5s
[2026-09-25T01:08:58Z][gpu7] c2_rectum_t4_v1: pose pair (0,1), elapsed 0.1s
[2026-09-25T01:09:10Z][gpu7] c2_rectum_t4_v1: pose pair (100,101), elapsed 12.4s
[2026-09-25T01:09:21Z][gpu7] c2_rectum_t4_v1: pose pair (196,197), elapsed 23.5s
[2026-09-25T01:09:21Z][gpu7] c2_rectum_t4_v1: DONE in 43.4s, n_nonfinite_depth=0 n_nonfinite_pose=0
[2026-09-25T01:09:24Z][gpu7] c2_rectum_t4_v2: depth frame 0/295, elapsed 0.1s
[2026-09-25T01:09:34Z][gpu7] c2_rectum_t4_v2: depth frame 100/295, elapsed 9.2s
[2026-09-25T01:09:43Z][gpu7] c2_rectum_t4_v2: depth frame 200/295, elapsed 18.6s
[2026-09-25T01:09:52Z][gpu7] c2_rectum_t4_v2: depth frame 295/295, elapsed 27.7s
[2026-09-25T01:09:52Z][gpu7] c2_rectum_t4_v2: pose pair (0,1), elapsed 0.1s
[2026-09-25T01:10:06Z][gpu7] c2_rectum_t4_v2: pose pair (100,101), elapsed 14.0s
[2026-09-25T01:10:20Z][gpu7] c2_rectum_t4_v2: pose pair (200,201), elapsed 27.5s
[2026-09-25T01:10:31Z][gpu7] c2_rectum_t4_v2: pose pair (294,295), elapsed 39.1s
[2026-09-25T01:10:31Z][gpu7] c2_rectum_t4_v2: DONE in 69.8s, n_nonfinite_depth=0 n_nonfinite_pose=0
[2026-09-25T01:10:35Z][gpu7] c2_rectum_t4_v3: depth frame 0/295, elapsed 0.1s
[2026-09-25T01:10:44Z][gpu7] c2_rectum_t4_v3: depth frame 100/295, elapsed 8.9s
[2026-09-25T01:10:52Z][gpu7] c2_rectum_t4_v3: depth frame 200/295, elapsed 17.7s
[2026-09-25T01:11:02Z][gpu7] c2_rectum_t4_v3: depth frame 295/295, elapsed 27.3s
[2026-09-25T01:11:02Z][gpu7] c2_rectum_t4_v3: pose pair (0,1), elapsed 0.1s
[2026-09-25T01:11:15Z][gpu7] c2_rectum_t4_v3: pose pair (100,101), elapsed 12.9s
[2026-09-25T01:11:26Z][gpu7] c2_rectum_t4_v3: pose pair (200,201), elapsed 24.5s
[2026-09-25T01:11:42Z][gpu7] c2_rectum_t4_v3: pose pair (294,295), elapsed 39.6s
[2026-09-25T01:11:42Z][gpu7] c2_rectum_t4_v3: DONE in 70.3s, n_nonfinite_depth=0 n_nonfinite_pose=0
[2026-09-25T01:11:48Z][gpu7] c2_sigmoid_t1_v1: depth frame 0/500, elapsed 0.1s
[2026-09-25T01:11:57Z][gpu7] c2_sigmoid_t1_v1: depth frame 100/500, elapsed 9.3s
[2026-09-25T01:12:06Z][gpu7] c2_sigmoid_t1_v1: depth frame 200/500, elapsed 18.5s
[2026-09-25T01:12:16Z][gpu7] c2_sigmoid_t1_v1: depth frame 300/500, elapsed 28.2s
[2026-09-25T01:12:25Z][gpu7] c2_sigmoid_t1_v1: depth frame 400/500, elapsed 37.5s
[2026-09-25T01:12:35Z][gpu7] c2_sigmoid_t1_v1: depth frame 500/500, elapsed 46.9s
[2026-09-25T01:12:35Z][gpu7] c2_sigmoid_t1_v1: pose pair (0,1), elapsed 0.1s
[2026-09-25T01:12:48Z][gpu7] c2_sigmoid_t1_v1: pose pair (100,101), elapsed 13.0s
[2026-09-25T01:13:01Z][gpu7] c2_sigmoid_t1_v1: pose pair (200,201), elapsed 26.1s
[2026-09-25T01:13:14Z][gpu7] c2_sigmoid_t1_v1: pose pair (300,301), elapsed 39.6s
[2026-09-25T01:13:29Z][gpu7] c2_sigmoid_t1_v1: pose pair (400,401), elapsed 54.8s
[2026-09-25T01:13:43Z][gpu7] c2_sigmoid_t1_v1: pose pair (499,500), elapsed 68.5s
[2026-09-25T01:13:43Z][gpu7] c2_sigmoid_t1_v1: DONE in 121.2s, n_nonfinite_depth=0 n_nonfinite_pose=0
[2026-09-25T01:13:51Z][gpu7] c2_sigmoid_t1_v2: depth frame 0/557, elapsed 0.1s
[2026-09-25T01:14:00Z][gpu7] c2_sigmoid_t1_v2: depth frame 100/557, elapsed 9.7s
[2026-09-25T01:14:10Z][gpu7] c2_sigmoid_t1_v2: depth frame 200/557, elapsed 19.3s
[2026-09-25T01:14:19Z][gpu7] c2_sigmoid_t1_v2: depth frame 300/557, elapsed 28.8s
[2026-09-25T01:14:29Z][gpu7] c2_sigmoid_t1_v2: depth frame 400/557, elapsed 38.3s
[2026-09-25T01:14:38Z][gpu7] c2_sigmoid_t1_v2: depth frame 500/557, elapsed 48.0s
[2026-09-25T01:14:44Z][gpu7] c2_sigmoid_t1_v2: depth frame 557/557, elapsed 53.6s
[2026-09-25T01:14:44Z][gpu7] c2_sigmoid_t1_v2: pose pair (0,1), elapsed 0.2s
[2026-09-25T01:14:58Z][gpu7] c2_sigmoid_t1_v2: pose pair (100,101), elapsed 14.1s
[2026-09-25T01:15:12Z][gpu7] c2_sigmoid_t1_v2: pose pair (200,201), elapsed 28.4s
[2026-09-25T01:15:25Z][gpu7] c2_sigmoid_t1_v2: pose pair (300,301), elapsed 40.5s
[2026-09-25T01:15:38Z][gpu7] c2_sigmoid_t1_v2: pose pair (400,401), elapsed 54.1s
[2026-09-25T01:15:51Z][gpu7] c2_sigmoid_t1_v2: pose pair (500,501), elapsed 67.4s
[2026-09-25T01:15:59Z][gpu7] c2_sigmoid_t1_v2: pose pair (556,557), elapsed 75.3s
[2026-09-25T01:15:59Z][gpu7] c2_sigmoid_t1_v2: DONE in 135.6s, n_nonfinite_depth=0 n_nonfinite_pose=0
[2026-09-25T01:16:07Z][gpu7] c2_sigmoid_t1_v3: depth frame 0/557, elapsed 0.1s
[2026-09-25T01:16:17Z][gpu7] c2_sigmoid_t1_v3: depth frame 100/557, elapsed 9.7s
[2026-09-25T01:16:27Z][gpu7] c2_sigmoid_t1_v3: depth frame 200/557, elapsed 19.2s
[2026-09-25T01:16:35Z][gpu7] c2_sigmoid_t1_v3: depth frame 300/557, elapsed 28.1s
[2026-09-25T01:16:44Z][gpu7] c2_sigmoid_t1_v3: depth frame 400/557, elapsed 36.9s
[2026-09-25T01:16:53Z][gpu7] c2_sigmoid_t1_v3: depth frame 500/557, elapsed 45.9s
[2026-09-25T01:16:59Z][gpu7] c2_sigmoid_t1_v3: depth frame 557/557, elapsed 51.3s
[2026-09-25T01:16:59Z][gpu7] c2_sigmoid_t1_v3: pose pair (0,1), elapsed 0.2s
[2026-09-25T01:17:13Z][gpu7] c2_sigmoid_t1_v3: pose pair (100,101), elapsed 14.3s
[2026-09-25T01:17:24Z][gpu7] c2_sigmoid_t1_v3: pose pair (200,201), elapsed 24.9s
[2026-09-25T01:17:37Z][gpu7] c2_sigmoid_t1_v3: pose pair (300,301), elapsed 37.9s
[2026-09-25T01:17:50Z][gpu7] c2_sigmoid_t1_v3: pose pair (400,401), elapsed 51.3s
[2026-09-25T01:18:01Z][gpu7] c2_sigmoid_t1_v3: pose pair (500,501), elapsed 62.1s
[2026-09-25T01:18:09Z][gpu7] c2_sigmoid_t1_v3: pose pair (556,557), elapsed 70.6s
[2026-09-25T01:18:09Z][gpu7] c2_sigmoid_t1_v3: DONE in 129.3s, n_nonfinite_depth=0 n_nonfinite_pose=0
[2026-09-25T01:18:15Z][gpu7] c2_sigmoid_t2_v1: depth frame 0/465, elapsed 0.1s
[2026-09-25T01:18:24Z][gpu7] c2_sigmoid_t2_v1: depth frame 100/465, elapsed 9.1s
[2026-09-25T01:18:34Z][gpu7] c2_sigmoid_t2_v1: depth frame 200/465, elapsed 18.6s
[2026-09-25T01:18:43Z][gpu7] c2_sigmoid_t2_v1: depth frame 300/465, elapsed 27.8s
[2026-09-25T01:18:52Z][gpu7] c2_sigmoid_t2_v1: depth frame 400/465, elapsed 37.2s
[2026-09-25T01:18:58Z][gpu7] c2_sigmoid_t2_v1: depth frame 465/465, elapsed 43.2s
[2026-09-25T01:18:59Z][gpu7] c2_sigmoid_t2_v1: pose pair (0,1), elapsed 0.1s
[2026-09-25T01:19:11Z][gpu7] c2_sigmoid_t2_v1: pose pair (100,101), elapsed 12.3s
[2026-09-25T01:19:24Z][gpu7] c2_sigmoid_t2_v1: pose pair (200,201), elapsed 25.1s
[2026-09-25T01:19:34Z][gpu7] c2_sigmoid_t2_v1: pose pair (300,301), elapsed 35.8s
[2026-09-25T01:19:45Z][gpu7] c2_sigmoid_t2_v1: pose pair (400,401), elapsed 46.7s
[2026-09-25T01:19:52Z][gpu7] c2_sigmoid_t2_v1: pose pair (464,465), elapsed 53.4s
[2026-09-25T01:19:52Z][gpu7] c2_sigmoid_t2_v1: DONE in 102.2s, n_nonfinite_depth=0 n_nonfinite_pose=0
[2026-09-25T01:19:58Z][gpu7] c2_sigmoid_t2_v2: depth frame 0/447, elapsed 0.1s
[2026-09-25T01:20:08Z][gpu7] c2_sigmoid_t2_v2: depth frame 100/447, elapsed 9.8s
[2026-09-25T01:20:17Z][gpu7] c2_sigmoid_t2_v2: depth frame 200/447, elapsed 19.0s
[2026-09-25T01:20:26Z][gpu7] c2_sigmoid_t2_v2: depth frame 300/447, elapsed 28.2s
[2026-09-25T01:20:35Z][gpu7] c2_sigmoid_t2_v2: depth frame 400/447, elapsed 37.5s
[2026-09-25T01:20:40Z][gpu7] c2_sigmoid_t2_v2: depth frame 447/447, elapsed 41.8s
[2026-09-25T01:20:40Z][gpu7] c2_sigmoid_t2_v2: pose pair (0,1), elapsed 0.1s
[2026-09-25T01:20:53Z][gpu7] c2_sigmoid_t2_v2: pose pair (100,101), elapsed 13.4s
[2026-09-25T01:21:05Z][gpu7] c2_sigmoid_t2_v2: pose pair (200,201), elapsed 25.3s
[2026-09-25T01:21:16Z][gpu7] c2_sigmoid_t2_v2: pose pair (300,301), elapsed 37.0s
[2026-09-25T01:21:28Z][gpu7] c2_sigmoid_t2_v2: pose pair (400,401), elapsed 48.5s
[2026-09-25T01:21:33Z][gpu7] c2_sigmoid_t2_v2: pose pair (446,447), elapsed 53.1s
[2026-09-25T01:21:33Z][gpu7] c2_sigmoid_t2_v2: DONE in 100.2s, n_nonfinite_depth=0 n_nonfinite_pose=0
[2026-09-25T01:21:40Z][gpu7] c2_sigmoid_t2_v3: depth frame 0/447, elapsed 0.1s
[2026-09-25T01:21:49Z][gpu7] c2_sigmoid_t2_v3: depth frame 100/447, elapsed 9.1s
[2026-09-25T01:21:58Z][gpu7] c2_sigmoid_t2_v3: depth frame 200/447, elapsed 18.1s
[2026-09-25T01:22:08Z][gpu7] c2_sigmoid_t2_v3: depth frame 300/447, elapsed 27.4s
[2026-09-25T01:22:17Z][gpu7] c2_sigmoid_t2_v3: depth frame 400/447, elapsed 36.7s
[2026-09-25T01:22:21Z][gpu7] c2_sigmoid_t2_v3: depth frame 447/447, elapsed 41.2s
[2026-09-25T01:22:22Z][gpu7] c2_sigmoid_t2_v3: pose pair (0,1), elapsed 0.2s
[2026-09-25T01:22:34Z][gpu7] c2_sigmoid_t2_v3: pose pair (100,101), elapsed 12.4s
[2026-09-25T01:22:47Z][gpu7] c2_sigmoid_t2_v3: pose pair (200,201), elapsed 25.9s
[2026-09-25T01:23:00Z][gpu7] c2_sigmoid_t2_v3: pose pair (300,301), elapsed 38.8s
[2026-09-25T01:23:11Z][gpu7] c2_sigmoid_t2_v3: pose pair (400,401), elapsed 49.6s
[2026-09-25T01:23:18Z][gpu7] c2_sigmoid_t2_v3: pose pair (446,447), elapsed 56.1s
[2026-09-25T01:23:18Z][gpu7] c2_sigmoid_t2_v3: DONE in 104.5s, n_nonfinite_depth=0 n_nonfinite_pose=0
[2026-09-25T01:23:23Z][gpu7] c2_sigmoid_t3_v1: depth frame 0/390, elapsed 0.1s
[2026-09-25T01:23:32Z][gpu7] c2_sigmoid_t3_v1: depth frame 100/390, elapsed 9.9s
[2026-09-25T01:23:42Z][gpu7] c2_sigmoid_t3_v1: depth frame 200/390, elapsed 19.8s
[2026-09-25T01:23:52Z][gpu7] c2_sigmoid_t3_v1: depth frame 300/390, elapsed 29.2s
[2026-09-25T01:24:01Z][gpu7] c2_sigmoid_t3_v1: depth frame 390/390, elapsed 38.1s
[2026-09-25T01:24:01Z][gpu7] c2_sigmoid_t3_v1: pose pair (0,1), elapsed 0.1s
[2026-09-25T01:24:12Z][gpu7] c2_sigmoid_t3_v1: pose pair (100,101), elapsed 11.6s
[2026-09-25T01:24:24Z][gpu7] c2_sigmoid_t3_v1: pose pair (200,201), elapsed 23.4s
[2026-09-25T01:24:36Z][gpu7] c2_sigmoid_t3_v1: pose pair (300,301), elapsed 35.4s
[2026-09-25T01:24:49Z][gpu7] c2_sigmoid_t3_v1: pose pair (389,390), elapsed 48.1s
[2026-09-25T01:24:49Z][gpu7] c2_sigmoid_t3_v1: DONE in 90.7s, n_nonfinite_depth=0 n_nonfinite_pose=0
[2026-09-25T01:24:52Z][gpu7] c2_sigmoid_t3_v2: depth frame 0/224, elapsed 0.1s
[2026-09-25T01:25:01Z][gpu7] c2_sigmoid_t3_v2: depth frame 100/224, elapsed 9.5s
[2026-09-25T01:25:11Z][gpu7] c2_sigmoid_t3_v2: depth frame 200/224, elapsed 19.1s
[2026-09-25T01:25:13Z][gpu7] c2_sigmoid_t3_v2: depth frame 224/224, elapsed 21.5s
[2026-09-25T01:25:13Z][gpu7] c2_sigmoid_t3_v2: pose pair (0,1), elapsed 0.1s
[2026-09-25T01:25:27Z][gpu7] c2_sigmoid_t3_v2: pose pair (100,101), elapsed 13.8s
[2026-09-25T01:25:41Z][gpu7] c2_sigmoid_t3_v2: pose pair (200,201), elapsed 27.6s
[2026-09-25T01:25:44Z][gpu7] c2_sigmoid_t3_v2: pose pair (223,224), elapsed 30.8s
[2026-09-25T01:25:44Z][gpu7] c2_sigmoid_t3_v2: DONE in 54.9s, n_nonfinite_depth=0 n_nonfinite_pose=0
[2026-09-25T01:25:48Z][gpu7] c2_sigmoid_t3_v3: depth frame 0/224, elapsed 0.1s
[2026-09-25T01:25:57Z][gpu7] c2_sigmoid_t3_v3: depth frame 100/224, elapsed 9.8s
[2026-09-25T01:26:07Z][gpu7] c2_sigmoid_t3_v3: depth frame 200/224, elapsed 19.9s
[2026-09-25T01:26:10Z][gpu7] c2_sigmoid_t3_v3: depth frame 224/224, elapsed 22.3s
[2026-09-25T01:26:10Z][gpu7] c2_sigmoid_t3_v3: pose pair (0,1), elapsed 0.1s
[2026-09-25T01:26:23Z][gpu7] c2_sigmoid_t3_v3: pose pair (100,101), elapsed 12.9s
[2026-09-25T01:26:33Z][gpu7] c2_sigmoid_t3_v3: pose pair (200,201), elapsed 23.3s
[2026-09-25T01:26:36Z][gpu7] c2_sigmoid_t3_v3: pose pair (223,224), elapsed 25.9s
[2026-09-25T01:26:36Z][gpu7] c2_sigmoid_t3_v3: DONE in 51.5s, n_nonfinite_depth=0 n_nonfinite_pose=0
[2026-09-25T01:26:40Z][gpu7] c2_sigmoid_t4_v1: depth frame 0/412, elapsed 0.1s
[2026-09-25T01:26:50Z][gpu7] c2_sigmoid_t4_v1: depth frame 100/412, elapsed 9.3s
[2026-09-25T01:26:58Z][gpu7] c2_sigmoid_t4_v1: depth frame 200/412, elapsed 18.2s
[2026-09-25T01:27:07Z][gpu7] c2_sigmoid_t4_v1: depth frame 300/412, elapsed 27.0s
[2026-09-25T01:27:17Z][gpu7] c2_sigmoid_t4_v1: depth frame 400/412, elapsed 36.6s
[2026-09-25T01:27:18Z][gpu7] c2_sigmoid_t4_v1: depth frame 412/412, elapsed 37.9s
[2026-09-25T01:27:18Z][gpu7] c2_sigmoid_t4_v1: pose pair (0,1), elapsed 0.2s
[2026-09-25T01:27:30Z][gpu7] c2_sigmoid_t4_v1: pose pair (100,101), elapsed 11.5s
[2026-09-25T01:27:42Z][gpu7] c2_sigmoid_t4_v1: pose pair (200,201), elapsed 23.4s
[2026-09-25T01:27:52Z][gpu7] c2_sigmoid_t4_v1: pose pair (300,301), elapsed 33.7s
[2026-09-25T01:28:03Z][gpu7] c2_sigmoid_t4_v1: pose pair (400,401), elapsed 44.8s
[2026-09-25T01:28:04Z][gpu7] c2_sigmoid_t4_v1: pose pair (411,412), elapsed 46.0s
[2026-09-25T01:28:04Z][gpu7] c2_sigmoid_t4_v1: DONE in 88.1s, n_nonfinite_depth=0 n_nonfinite_pose=0
[2026-09-25T01:28:07Z][gpu7] c2_sigmoid_t4_v2: depth frame 0/289, elapsed 0.1s
[2026-09-25T01:28:16Z][gpu7] c2_sigmoid_t4_v2: depth frame 100/289, elapsed 9.2s
[2026-09-25T01:28:26Z][gpu7] c2_sigmoid_t4_v2: depth frame 200/289, elapsed 18.7s
[2026-09-25T01:28:34Z][gpu7] c2_sigmoid_t4_v2: depth frame 289/289, elapsed 26.9s
[2026-09-25T01:28:34Z][gpu7] c2_sigmoid_t4_v2: pose pair (0,1), elapsed 0.1s
[2026-09-25T01:28:45Z][gpu7] c2_sigmoid_t4_v2: pose pair (100,101), elapsed 11.0s
[2026-09-25T01:28:58Z][gpu7] c2_sigmoid_t4_v2: pose pair (200,201), elapsed 23.8s
[2026-09-25T01:29:08Z][gpu7] c2_sigmoid_t4_v2: pose pair (288,289), elapsed 34.0s
[2026-09-25T01:29:08Z][gpu7] c2_sigmoid_t4_v2: DONE in 63.3s, n_nonfinite_depth=0 n_nonfinite_pose=0
[2026-09-25T01:29:11Z][gpu7] c2_sigmoid_t4_v3: depth frame 0/289, elapsed 0.1s
[2026-09-25T01:29:20Z][gpu7] c2_sigmoid_t4_v3: depth frame 100/289, elapsed 9.5s
[2026-09-25T01:29:30Z][gpu7] c2_sigmoid_t4_v3: depth frame 200/289, elapsed 19.2s
[2026-09-25T01:29:39Z][gpu7] c2_sigmoid_t4_v3: depth frame 289/289, elapsed 28.5s
[2026-09-25T01:29:39Z][gpu7] c2_sigmoid_t4_v3: pose pair (0,1), elapsed 0.1s
[2026-09-25T01:29:54Z][gpu7] c2_sigmoid_t4_v3: pose pair (100,101), elapsed 14.4s
[2026-09-25T01:30:06Z][gpu7] c2_sigmoid_t4_v3: pose pair (200,201), elapsed 26.7s
[2026-09-25T01:30:20Z][gpu7] c2_sigmoid_t4_v3: pose pair (288,289), elapsed 40.6s
[2026-09-25T01:30:20Z][gpu7] c2_sigmoid_t4_v3: DONE in 71.8s, n_nonfinite_depth=0 n_nonfinite_pose=0
[2026-09-25T01:30:25Z][gpu7] c2_transverse1_t1_v1: depth frame 0/401, elapsed 0.1s
[2026-09-25T01:30:34Z][gpu7] c2_transverse1_t1_v1: depth frame 100/401, elapsed 9.3s
[2026-09-25T01:30:43Z][gpu7] c2_transverse1_t1_v1: depth frame 200/401, elapsed 18.4s
[2026-09-25T01:30:52Z][gpu7] c2_transverse1_t1_v1: depth frame 300/401, elapsed 27.7s
[2026-09-25T01:31:02Z][gpu7] c2_transverse1_t1_v1: depth frame 400/401, elapsed 37.5s
[2026-09-25T01:31:02Z][gpu7] c2_transverse1_t1_v1: depth frame 401/401, elapsed 37.6s
[2026-09-25T01:31:02Z][gpu7] c2_transverse1_t1_v1: pose pair (0,1), elapsed 0.2s
[2026-09-25T01:31:17Z][gpu7] c2_transverse1_t1_v1: pose pair (100,101), elapsed 14.6s
[2026-09-25T01:31:30Z][gpu7] c2_transverse1_t1_v1: pose pair (200,201), elapsed 28.2s
[2026-09-25T01:31:45Z][gpu7] c2_transverse1_t1_v1: pose pair (300,301), elapsed 42.5s
[2026-09-25T01:31:58Z][gpu7] c2_transverse1_t1_v1: pose pair (400,401), elapsed 55.9s
[2026-09-25T01:31:58Z][gpu7] c2_transverse1_t1_v1: DONE in 98.1s, n_nonfinite_depth=0 n_nonfinite_pose=0
[2026-09-25T01:32:06Z][gpu7] c2_transverse1_t1_v2: depth frame 0/626, elapsed 0.1s
[2026-09-25T01:32:16Z][gpu7] c2_transverse1_t1_v2: depth frame 100/626, elapsed 10.6s
[2026-09-25T01:32:27Z][gpu7] c2_transverse1_t1_v2: depth frame 200/626, elapsed 20.7s
[2026-09-25T01:32:37Z][gpu7] c2_transverse1_t1_v2: depth frame 300/626, elapsed 30.9s
[2026-09-25T01:32:47Z][gpu7] c2_transverse1_t1_v2: depth frame 400/626, elapsed 41.4s
[2026-09-25T01:32:58Z][gpu7] c2_transverse1_t1_v2: depth frame 500/626, elapsed 51.8s
[2026-09-25T01:33:08Z][gpu7] c2_transverse1_t1_v2: depth frame 600/626, elapsed 62.1s
[2026-09-25T01:33:11Z][gpu7] c2_transverse1_t1_v2: depth frame 626/626, elapsed 64.8s
[2026-09-25T01:33:11Z][gpu7] c2_transverse1_t1_v2: pose pair (0,1), elapsed 0.2s
[2026-09-25T01:33:26Z][gpu7] c2_transverse1_t1_v2: pose pair (100,101), elapsed 15.4s
[2026-09-25T01:33:41Z][gpu7] c2_transverse1_t1_v2: pose pair (200,201), elapsed 30.3s
[2026-09-25T01:33:53Z][gpu7] c2_transverse1_t1_v2: pose pair (300,301), elapsed 42.0s
[2026-09-25T01:34:03Z][gpu7] c2_transverse1_t1_v2: pose pair (400,401), elapsed 52.3s
[2026-09-25T01:34:14Z][gpu7] c2_transverse1_t1_v2: pose pair (500,501), elapsed 63.3s
[2026-09-25T01:34:26Z][gpu7] c2_transverse1_t1_v2: pose pair (600,601), elapsed 75.6s
[2026-09-25T01:34:30Z][gpu7] c2_transverse1_t1_v2: pose pair (625,626), elapsed 78.9s
[2026-09-25T01:34:30Z][gpu7] c2_transverse1_t1_v2: DONE in 151.1s, n_nonfinite_depth=0 n_nonfinite_pose=0
[2026-09-25T01:34:40Z][gpu7] c2_transverse1_t1_v3: depth frame 0/626, elapsed 0.1s
[2026-09-25T01:34:50Z][gpu7] c2_transverse1_t1_v3: depth frame 100/626, elapsed 10.8s
[2026-09-25T01:35:01Z][gpu7] c2_transverse1_t1_v3: depth frame 200/626, elapsed 21.3s
[2026-09-25T01:35:12Z][gpu7] c2_transverse1_t1_v3: depth frame 300/626, elapsed 32.4s
[2026-09-25T01:35:23Z][gpu7] c2_transverse1_t1_v3: depth frame 400/626, elapsed 43.2s
[2026-09-25T01:35:34Z][gpu7] c2_transverse1_t1_v3: depth frame 500/626, elapsed 54.3s
[2026-09-25T01:35:44Z][gpu7] c2_transverse1_t1_v3: depth frame 600/626, elapsed 64.6s
[2026-09-25T01:35:47Z][gpu7] c2_transverse1_t1_v3: depth frame 626/626, elapsed 67.3s
[2026-09-25T01:35:47Z][gpu7] c2_transverse1_t1_v3: pose pair (0,1), elapsed 0.2s
[2026-09-25T01:36:00Z][gpu7] c2_transverse1_t1_v3: pose pair (100,101), elapsed 12.7s
[2026-09-25T01:36:11Z][gpu7] c2_transverse1_t1_v3: pose pair (200,201), elapsed 24.6s
[2026-09-25T01:36:24Z][gpu7] c2_transverse1_t1_v3: pose pair (300,301), elapsed 36.9s
[2026-09-25T01:36:37Z][gpu7] c2_transverse1_t1_v3: pose pair (400,401), elapsed 50.1s
[2026-09-25T01:36:50Z][gpu7] c2_transverse1_t1_v3: pose pair (500,501), elapsed 63.6s
[2026-09-25T01:37:03Z][gpu7] c2_transverse1_t1_v3: pose pair (600,601), elapsed 76.4s
[2026-09-25T01:37:07Z][gpu7] c2_transverse1_t1_v3: pose pair (625,626), elapsed 80.7s
[2026-09-25T01:37:08Z][gpu7] c2_transverse1_t1_v3: DONE in 157.0s, n_nonfinite_depth=0 n_nonfinite_pose=0
[2026-09-25T01:37:14Z][gpu7] c2_transverse1_t2_v1: depth frame 0/609, elapsed 0.1s
[2026-09-25T01:37:24Z][gpu7] c2_transverse1_t2_v1: depth frame 100/609, elapsed 9.9s
[2026-09-25T01:37:34Z][gpu7] c2_transverse1_t2_v1: depth frame 200/609, elapsed 19.9s
[2026-09-25T01:37:44Z][gpu7] c2_transverse1_t2_v1: depth frame 300/609, elapsed 29.6s
[2026-09-25T01:37:54Z][gpu7] c2_transverse1_t2_v1: depth frame 400/609, elapsed 39.3s
[2026-09-25T01:38:04Z][gpu7] c2_transverse1_t2_v1: depth frame 500/609, elapsed 49.7s
[2026-09-25T01:38:14Z][gpu7] c2_transverse1_t2_v1: depth frame 600/609, elapsed 60.0s
[2026-09-25T01:38:16Z][gpu7] c2_transverse1_t2_v1: depth frame 609/609, elapsed 61.2s
[2026-09-25T01:38:16Z][gpu7] c2_transverse1_t2_v1: pose pair (0,1), elapsed 0.1s
[2026-09-25T01:38:29Z][gpu7] c2_transverse1_t2_v1: pose pair (100,101), elapsed 13.0s
[2026-09-25T01:38:40Z][gpu7] c2_transverse1_t2_v1: pose pair (200,201), elapsed 24.8s
[2026-09-25T01:38:56Z][gpu7] c2_transverse1_t2_v1: pose pair (300,301), elapsed 40.9s
[2026-09-25T01:39:11Z][gpu7] c2_transverse1_t2_v1: pose pair (400,401), elapsed 55.3s
[2026-09-25T01:39:25Z][gpu7] c2_transverse1_t2_v1: pose pair (500,501), elapsed 69.0s
[2026-09-25T01:39:40Z][gpu7] c2_transverse1_t2_v1: pose pair (600,601), elapsed 84.2s
[2026-09-25T01:39:41Z][gpu7] c2_transverse1_t2_v1: pose pair (608,609), elapsed 85.7s
[2026-09-25T01:39:41Z][gpu7] c2_transverse1_t2_v1: DONE in 153.2s, n_nonfinite_depth=0 n_nonfinite_pose=0
[2026-09-25T01:39:49Z][gpu7] c2_transverse1_t2_v2: depth frame 0/599, elapsed 0.1s
[2026-09-25T01:39:59Z][gpu7] c2_transverse1_t2_v2: depth frame 100/599, elapsed 10.6s
[2026-09-25T01:40:11Z][gpu7] c2_transverse1_t2_v2: depth frame 200/599, elapsed 22.0s
[2026-09-25T01:40:21Z][gpu7] c2_transverse1_t2_v2: depth frame 300/599, elapsed 32.3s
[2026-09-25T01:40:32Z][gpu7] c2_transverse1_t2_v2: depth frame 400/599, elapsed 42.9s
[2026-09-25T01:40:42Z][gpu7] c2_transverse1_t2_v2: depth frame 500/599, elapsed 53.1s
[2026-09-25T01:40:53Z][gpu7] c2_transverse1_t2_v2: depth frame 599/599, elapsed 63.8s
[2026-09-25T01:40:53Z][gpu7] c2_transverse1_t2_v2: pose pair (0,1), elapsed 0.1s
[2026-09-25T01:41:08Z][gpu7] c2_transverse1_t2_v2: pose pair (100,101), elapsed 15.1s
[2026-09-25T01:41:20Z][gpu7] c2_transverse1_t2_v2: pose pair (200,201), elapsed 27.0s
[2026-09-25T01:41:33Z][gpu7] c2_transverse1_t2_v2: pose pair (300,301), elapsed 40.7s
[2026-09-25T01:41:47Z][gpu7] c2_transverse1_t2_v2: pose pair (400,401), elapsed 53.9s
[2026-09-25T01:42:01Z][gpu7] c2_transverse1_t2_v2: pose pair (500,501), elapsed 68.0s
[2026-09-25T01:42:13Z][gpu7] c2_transverse1_t2_v2: pose pair (598,599), elapsed 80.3s
[2026-09-25T01:42:13Z][gpu7] c2_transverse1_t2_v2: DONE in 150.9s, n_nonfinite_depth=0 n_nonfinite_pose=0
[2026-09-25T01:42:21Z][gpu7] c2_transverse1_t2_v3: depth frame 0/599, elapsed 0.1s
[2026-09-25T01:42:32Z][gpu7] c2_transverse1_t2_v3: depth frame 100/599, elapsed 11.0s
[2026-09-25T01:42:43Z][gpu7] c2_transverse1_t2_v3: depth frame 200/599, elapsed 22.2s
[2026-09-25T01:42:54Z][gpu7] c2_transverse1_t2_v3: depth frame 300/599, elapsed 33.1s
[2026-09-25T01:43:05Z][gpu7] c2_transverse1_t2_v3: depth frame 400/599, elapsed 43.6s
[2026-09-25T01:43:15Z][gpu7] c2_transverse1_t2_v3: depth frame 500/599, elapsed 53.6s
[2026-09-25T01:43:25Z][gpu7] c2_transverse1_t2_v3: depth frame 599/599, elapsed 63.9s
[2026-09-25T01:43:25Z][gpu7] c2_transverse1_t2_v3: pose pair (0,1), elapsed 0.2s
[2026-09-25T01:43:39Z][gpu7] c2_transverse1_t2_v3: pose pair (100,101), elapsed 14.0s
[2026-09-25T01:43:55Z][gpu7] c2_transverse1_t2_v3: pose pair (200,201), elapsed 29.9s
[2026-09-25T01:44:11Z][gpu7] c2_transverse1_t2_v3: pose pair (300,301), elapsed 45.4s
[2026-09-25T01:44:26Z][gpu7] c2_transverse1_t2_v3: pose pair (400,401), elapsed 60.6s
[2026-09-25T01:44:37Z][gpu7] c2_transverse1_t2_v3: pose pair (500,501), elapsed 72.3s
[2026-09-25T01:44:50Z][gpu7] c2_transverse1_t2_v3: pose pair (598,599), elapsed 84.7s
[2026-09-25T01:44:50Z][gpu7] c2_transverse1_t2_v3: DONE in 156.4s, n_nonfinite_depth=0 n_nonfinite_pose=0
[2026-09-25T01:45:02Z][gpu7] c2_transverse1_t3_v1: depth frame 0/852, elapsed 0.1s
[2026-09-25T01:45:13Z][gpu7] c2_transverse1_t3_v1: depth frame 100/852, elapsed 11.0s
[2026-09-25T01:45:22Z][gpu7] c2_transverse1_t3_v1: depth frame 200/852, elapsed 20.3s
[2026-09-25T01:45:32Z][gpu7] c2_transverse1_t3_v1: depth frame 300/852, elapsed 30.1s
[2026-09-25T01:45:43Z][gpu7] c2_transverse1_t3_v1: depth frame 400/852, elapsed 40.6s
[2026-09-25T01:45:52Z][gpu7] c2_transverse1_t3_v1: depth frame 500/852, elapsed 49.9s
[2026-09-25T01:46:02Z][gpu7] c2_transverse1_t3_v1: depth frame 600/852, elapsed 60.1s
[2026-09-25T01:46:12Z][gpu7] c2_transverse1_t3_v1: depth frame 700/852, elapsed 70.4s
[2026-09-25T01:46:22Z][gpu7] c2_transverse1_t3_v1: depth frame 800/852, elapsed 80.4s
[2026-09-25T01:46:29Z][gpu7] c2_transverse1_t3_v1: depth frame 852/852, elapsed 86.6s
[2026-09-25T01:46:29Z][gpu7] c2_transverse1_t3_v1: pose pair (0,1), elapsed 0.1s
[2026-09-25T01:46:45Z][gpu7] c2_transverse1_t3_v1: pose pair (100,101), elapsed 16.2s
[2026-09-25T01:46:57Z][gpu7] c2_transverse1_t3_v1: pose pair (200,201), elapsed 28.7s
[2026-09-25T01:47:11Z][gpu7] c2_transverse1_t3_v1: pose pair (300,301), elapsed 42.7s
[2026-09-25T01:47:25Z][gpu7] c2_transverse1_t3_v1: pose pair (400,401), elapsed 56.2s
[2026-09-25T01:47:39Z][gpu7] c2_transverse1_t3_v1: pose pair (500,501), elapsed 70.8s
[2026-09-25T01:47:54Z][gpu7] c2_transverse1_t3_v1: pose pair (600,601), elapsed 85.1s
[2026-09-25T01:48:08Z][gpu7] c2_transverse1_t3_v1: pose pair (700,701), elapsed 99.6s
[2026-09-25T01:48:23Z][gpu7] c2_transverse1_t3_v1: pose pair (800,801), elapsed 114.3s
[2026-09-25T01:48:33Z][gpu7] c2_transverse1_t3_v1: pose pair (851,852), elapsed 123.9s
[2026-09-25T01:48:33Z][gpu7] c2_transverse1_t3_v1: DONE in 222.1s, n_nonfinite_depth=0 n_nonfinite_pose=0
[2026-09-25T01:48:37Z][gpu7] c2_transverse1_t3_v2: depth frame 0/297, elapsed 0.1s
[2026-09-25T01:48:48Z][gpu7] c2_transverse1_t3_v2: depth frame 100/297, elapsed 10.8s
[2026-09-25T01:48:58Z][gpu7] c2_transverse1_t3_v2: depth frame 200/297, elapsed 20.5s
[2026-09-25T01:49:07Z][gpu7] c2_transverse1_t3_v2: depth frame 297/297, elapsed 30.2s
[2026-09-25T01:49:08Z][gpu7] c2_transverse1_t3_v2: pose pair (0,1), elapsed 0.1s
[2026-09-25T01:49:22Z][gpu7] c2_transverse1_t3_v2: pose pair (100,101), elapsed 14.8s
[2026-09-25T01:49:36Z][gpu7] c2_transverse1_t3_v2: pose pair (200,201), elapsed 28.3s
[2026-09-25T01:49:50Z][gpu7] c2_transverse1_t3_v2: pose pair (296,297), elapsed 42.7s
[2026-09-25T01:49:50Z][gpu7] c2_transverse1_t3_v2: DONE in 76.7s, n_nonfinite_depth=0 n_nonfinite_pose=0
[2026-09-25T01:49:56Z][gpu7] c2_transverse1_t3_v3: depth frame 0/297, elapsed 0.1s
[2026-09-25T01:50:06Z][gpu7] c2_transverse1_t3_v3: depth frame 100/297, elapsed 10.2s
[2026-09-25T01:50:16Z][gpu7] c2_transverse1_t3_v3: depth frame 200/297, elapsed 20.3s
[2026-09-25T01:50:26Z][gpu7] c2_transverse1_t3_v3: depth frame 297/297, elapsed 30.3s
[2026-09-25T01:50:26Z][gpu7] c2_transverse1_t3_v3: pose pair (0,1), elapsed 0.1s
[2026-09-25T01:50:40Z][gpu7] c2_transverse1_t3_v3: pose pair (100,101), elapsed 14.2s
[2026-09-25T01:50:56Z][gpu7] c2_transverse1_t3_v3: pose pair (200,201), elapsed 29.6s
[2026-09-25T01:51:10Z][gpu7] c2_transverse1_t3_v3: pose pair (296,297), elapsed 43.9s
[2026-09-25T01:51:10Z][gpu7] c2_transverse1_t3_v3: DONE in 79.6s, n_nonfinite_depth=0 n_nonfinite_pose=0
[2026-09-25T01:51:16Z][gpu7] c2_transverse1_t4_v1: depth frame 0/375, elapsed 0.1s
[2026-09-25T01:51:26Z][gpu7] c2_transverse1_t4_v1: depth frame 100/375, elapsed 10.0s
[2026-09-25T01:51:36Z][gpu7] c2_transverse1_t4_v1: depth frame 200/375, elapsed 19.9s
[2026-09-25T01:51:45Z][gpu7] c2_transverse1_t4_v1: depth frame 300/375, elapsed 29.0s
[2026-09-25T01:51:53Z][gpu7] c2_transverse1_t4_v1: depth frame 375/375, elapsed 36.8s
[2026-09-25T01:51:53Z][gpu7] c2_transverse1_t4_v1: pose pair (0,1), elapsed 0.1s
[2026-09-25T01:52:07Z][gpu7] c2_transverse1_t4_v1: pose pair (100,101), elapsed 13.6s
[2026-09-25T01:52:20Z][gpu7] c2_transverse1_t4_v1: pose pair (200,201), elapsed 26.8s
[2026-09-25T01:52:34Z][gpu7] c2_transverse1_t4_v1: pose pair (300,301), elapsed 40.8s
[2026-09-25T01:52:46Z][gpu7] c2_transverse1_t4_v1: pose pair (374,375), elapsed 52.9s
[2026-09-25T01:52:46Z][gpu7] c2_transverse1_t4_v1: DONE in 95.4s, n_nonfinite_depth=0 n_nonfinite_pose=0
[2026-09-25T01:52:51Z][gpu7] c2_transverse1_t4_v2: depth frame 0/381, elapsed 0.1s
[2026-09-25T01:53:00Z][gpu7] c2_transverse1_t4_v2: depth frame 100/381, elapsed 9.3s
[2026-09-25T01:53:09Z][gpu7] c2_transverse1_t4_v2: depth frame 200/381, elapsed 18.6s
[2026-09-25T01:53:19Z][gpu7] c2_transverse1_t4_v2: depth frame 300/381, elapsed 28.3s
[2026-09-25T01:53:27Z][gpu7] c2_transverse1_t4_v2: depth frame 381/381, elapsed 36.0s
[2026-09-25T01:53:27Z][gpu7] c2_transverse1_t4_v2: pose pair (0,1), elapsed 0.1s
[2026-09-25T01:53:40Z][gpu7] c2_transverse1_t4_v2: pose pair (100,101), elapsed 13.0s
[2026-09-25T01:53:54Z][gpu7] c2_transverse1_t4_v2: pose pair (200,201), elapsed 27.4s
[2026-09-25T01:54:08Z][gpu7] c2_transverse1_t4_v2: pose pair (300,301), elapsed 40.7s
[2026-09-25T01:54:19Z][gpu7] c2_transverse1_t4_v2: pose pair (380,381), elapsed 52.3s
[2026-09-25T01:54:19Z][gpu7] c2_transverse1_t4_v2: DONE in 92.8s, n_nonfinite_depth=0 n_nonfinite_pose=0
[2026-09-25T01:54:25Z][gpu7] c2_transverse1_t4_v3: depth frame 0/381, elapsed 0.1s
[2026-09-25T01:54:35Z][gpu7] c2_transverse1_t4_v3: depth frame 100/381, elapsed 9.6s
[2026-09-25T01:54:44Z][gpu7] c2_transverse1_t4_v3: depth frame 200/381, elapsed 19.1s
[2026-09-25T01:54:53Z][gpu7] c2_transverse1_t4_v3: depth frame 300/381, elapsed 28.5s
[2026-09-25T01:55:02Z][gpu7] c2_transverse1_t4_v3: depth frame 381/381, elapsed 36.6s
[2026-09-25T01:55:02Z][gpu7] c2_transverse1_t4_v3: pose pair (0,1), elapsed 0.2s
[2026-09-25T01:55:15Z][gpu7] c2_transverse1_t4_v3: pose pair (100,101), elapsed 13.7s
[2026-09-25T01:55:28Z][gpu7] c2_transverse1_t4_v3: pose pair (200,201), elapsed 26.1s
[2026-09-25T01:55:40Z][gpu7] c2_transverse1_t4_v3: pose pair (300,301), elapsed 38.6s
[2026-09-25T01:55:53Z][gpu7] c2_transverse1_t4_v3: pose pair (380,381), elapsed 51.5s
[2026-09-25T01:55:53Z][gpu7] c2_transverse1_t4_v3: DONE in 93.6s, n_nonfinite_depth=0 n_nonfinite_pose=0
[2026-09-25T01:56:00Z][gpu7] c2_transverse2_t1_v1: depth frame 0/392, elapsed 0.1s
[2026-09-25T01:56:09Z][gpu7] c2_transverse2_t1_v1: depth frame 100/392, elapsed 9.3s
[2026-09-25T01:56:18Z][gpu7] c2_transverse2_t1_v1: depth frame 200/392, elapsed 18.2s
[2026-09-25T01:56:27Z][gpu7] c2_transverse2_t1_v1: depth frame 300/392, elapsed 27.1s
[2026-09-25T01:56:37Z][gpu7] c2_transverse2_t1_v1: depth frame 392/392, elapsed 36.4s
[2026-09-25T01:56:37Z][gpu7] c2_transverse2_t1_v1: pose pair (0,1), elapsed 0.1s
[2026-09-25T01:56:51Z][gpu7] c2_transverse2_t1_v1: pose pair (100,101), elapsed 14.3s
[2026-09-25T01:57:03Z][gpu7] c2_transverse2_t1_v1: pose pair (200,201), elapsed 26.7s
[2026-09-25T01:57:15Z][gpu7] c2_transverse2_t1_v1: pose pair (300,301), elapsed 38.8s
[2026-09-25T01:57:28Z][gpu7] c2_transverse2_t1_v1: pose pair (391,392), elapsed 51.2s
[2026-09-25T01:57:28Z][gpu7] c2_transverse2_t1_v1: DONE in 94.2s, n_nonfinite_depth=0 n_nonfinite_pose=0
[2026-09-25T01:57:36Z][gpu7] c2_transverse2_t1_v2: depth frame 0/551, elapsed 0.1s
[2026-09-25T01:57:47Z][gpu7] c2_transverse2_t1_v2: depth frame 100/551, elapsed 10.5s
[2026-09-25T01:57:58Z][gpu7] c2_transverse2_t1_v2: depth frame 200/551, elapsed 21.9s
[2026-09-25T01:58:07Z][gpu7] c2_transverse2_t1_v2: depth frame 300/551, elapsed 31.2s
[2026-09-25T01:58:17Z][gpu7] c2_transverse2_t1_v2: depth frame 400/551, elapsed 40.5s
[2026-09-25T01:58:26Z][gpu7] c2_transverse2_t1_v2: depth frame 500/551, elapsed 49.7s
[2026-09-25T01:58:31Z][gpu7] c2_transverse2_t1_v2: depth frame 551/551, elapsed 55.1s
[2026-09-25T01:58:31Z][gpu7] c2_transverse2_t1_v2: pose pair (0,1), elapsed 0.1s
[2026-09-25T01:58:46Z][gpu7] c2_transverse2_t1_v2: pose pair (100,101), elapsed 14.8s
[2026-09-25T01:59:02Z][gpu7] c2_transverse2_t1_v2: pose pair (200,201), elapsed 30.4s
[2026-09-25T01:59:15Z][gpu7] c2_transverse2_t1_v2: pose pair (300,301), elapsed 43.3s
[2026-09-25T01:59:28Z][gpu7] c2_transverse2_t1_v2: pose pair (400,401), elapsed 56.3s
[2026-09-25T01:59:41Z][gpu7] c2_transverse2_t1_v2: pose pair (500,501), elapsed 69.4s
[2026-09-25T01:59:47Z][gpu7] c2_transverse2_t1_v2: pose pair (550,551), elapsed 76.0s
[2026-09-25T01:59:47Z][gpu7] c2_transverse2_t1_v2: DONE in 139.2s, n_nonfinite_depth=0 n_nonfinite_pose=0
[2026-09-25T01:59:56Z][gpu7] c2_transverse2_t1_v3: depth frame 0/551, elapsed 0.1s
[2026-09-25T02:00:06Z][gpu7] c2_transverse2_t1_v3: depth frame 100/551, elapsed 10.4s
[2026-09-25T02:00:17Z][gpu7] c2_transverse2_t1_v3: depth frame 200/551, elapsed 21.6s
[2026-09-25T02:00:27Z][gpu7] c2_transverse2_t1_v3: depth frame 300/551, elapsed 30.8s
[2026-09-25T02:00:36Z][gpu7] c2_transverse2_t1_v3: depth frame 400/551, elapsed 39.8s
[2026-09-25T02:00:45Z][gpu7] c2_transverse2_t1_v3: depth frame 500/551, elapsed 48.8s
[2026-09-25T02:00:50Z][gpu7] c2_transverse2_t1_v3: depth frame 551/551, elapsed 53.7s
[2026-09-25T02:00:50Z][gpu7] c2_transverse2_t1_v3: pose pair (0,1), elapsed 0.1s
[2026-09-25T02:01:02Z][gpu7] c2_transverse2_t1_v3: pose pair (100,101), elapsed 12.2s
[2026-09-25T02:01:19Z][gpu7] c2_transverse2_t1_v3: pose pair (200,201), elapsed 29.2s
[2026-09-25T02:01:32Z][gpu7] c2_transverse2_t1_v3: pose pair (300,301), elapsed 42.7s
[2026-09-25T02:01:43Z][gpu7] c2_transverse2_t1_v3: pose pair (400,401), elapsed 53.7s
[2026-09-25T02:01:54Z][gpu7] c2_transverse2_t1_v3: pose pair (500,501), elapsed 64.7s
[2026-09-25T02:02:01Z][gpu7] c2_transverse2_t1_v3: pose pair (550,551), elapsed 71.8s
[2026-09-25T02:02:02Z][gpu7] c2_transverse2_t1_v3: DONE in 133.6s, n_nonfinite_depth=0 n_nonfinite_pose=0
[2026-09-25T02:02:07Z][gpu7] c2_transverse2_t2_v1: depth frame 0/414, elapsed 0.1s
[2026-09-25T02:02:17Z][gpu7] c2_transverse2_t2_v1: depth frame 100/414, elapsed 9.9s
[2026-09-25T02:02:27Z][gpu7] c2_transverse2_t2_v1: depth frame 200/414, elapsed 19.6s
[2026-09-25T02:02:36Z][gpu7] c2_transverse2_t2_v1: depth frame 300/414, elapsed 28.6s
[2026-09-25T02:02:45Z][gpu7] c2_transverse2_t2_v1: depth frame 400/414, elapsed 38.2s
[2026-09-25T02:02:47Z][gpu7] c2_transverse2_t2_v1: depth frame 414/414, elapsed 39.7s
[2026-09-25T02:02:47Z][gpu7] c2_transverse2_t2_v1: pose pair (0,1), elapsed 0.1s
[2026-09-25T02:03:00Z][gpu7] c2_transverse2_t2_v1: pose pair (100,101), elapsed 13.3s
[2026-09-25T02:03:12Z][gpu7] c2_transverse2_t2_v1: pose pair (200,201), elapsed 25.3s
[2026-09-25T02:03:24Z][gpu7] c2_transverse2_t2_v1: pose pair (300,301), elapsed 36.7s
[2026-09-25T02:03:36Z][gpu7] c2_transverse2_t2_v1: pose pair (400,401), elapsed 49.1s
[2026-09-25T02:03:38Z][gpu7] c2_transverse2_t2_v1: pose pair (413,414), elapsed 51.2s
[2026-09-25T02:03:38Z][gpu7] c2_transverse2_t2_v1: DONE in 95.9s, n_nonfinite_depth=0 n_nonfinite_pose=0
[2026-09-25T02:03:42Z][gpu7] c2_transverse2_t2_v2: depth frame 0/336, elapsed 0.1s
[2026-09-25T02:03:51Z][gpu7] c2_transverse2_t2_v2: depth frame 100/336, elapsed 9.3s
[2026-09-25T02:04:01Z][gpu7] c2_transverse2_t2_v2: depth frame 200/336, elapsed 18.5s
[2026-09-25T02:04:10Z][gpu7] c2_transverse2_t2_v2: depth frame 300/336, elapsed 27.6s
[2026-09-25T02:04:13Z][gpu7] c2_transverse2_t2_v2: depth frame 336/336, elapsed 30.9s
[2026-09-25T02:04:13Z][gpu7] c2_transverse2_t2_v2: pose pair (0,1), elapsed 0.1s
[2026-09-25T02:04:26Z][gpu7] c2_transverse2_t2_v2: pose pair (100,101), elapsed 12.7s
[2026-09-25T02:04:40Z][gpu7] c2_transverse2_t2_v2: pose pair (200,201), elapsed 26.7s
[2026-09-25T02:04:53Z][gpu7] c2_transverse2_t2_v2: pose pair (300,301), elapsed 40.2s
[2026-09-25T02:04:57Z][gpu7] c2_transverse2_t2_v2: pose pair (335,336), elapsed 44.3s
[2026-09-25T02:04:57Z][gpu7] c2_transverse2_t2_v2: DONE in 78.9s, n_nonfinite_depth=0 n_nonfinite_pose=0
[2026-09-25T02:05:03Z][gpu7] c2_transverse2_t2_v3: depth frame 0/336, elapsed 0.1s
[2026-09-25T02:05:12Z][gpu7] c2_transverse2_t2_v3: depth frame 100/336, elapsed 9.4s
[2026-09-25T02:05:21Z][gpu7] c2_transverse2_t2_v3: depth frame 200/336, elapsed 18.7s
[2026-09-25T02:05:31Z][gpu7] c2_transverse2_t2_v3: depth frame 300/336, elapsed 28.2s
[2026-09-25T02:05:34Z][gpu7] c2_transverse2_t2_v3: depth frame 336/336, elapsed 31.6s
[2026-09-25T02:05:34Z][gpu7] c2_transverse2_t2_v3: pose pair (0,1), elapsed 0.1s
[2026-09-25T02:05:48Z][gpu7] c2_transverse2_t2_v3: pose pair (100,101), elapsed 13.6s
[2026-09-25T02:06:01Z][gpu7] c2_transverse2_t2_v3: pose pair (200,201), elapsed 27.1s
[2026-09-25T02:06:14Z][gpu7] c2_transverse2_t2_v3: pose pair (300,301), elapsed 39.9s
[2026-09-25T02:06:19Z][gpu7] c2_transverse2_t2_v3: pose pair (335,336), elapsed 44.8s
[2026-09-25T02:06:19Z][gpu7] c2_transverse2_t2_v3: DONE in 81.4s, n_nonfinite_depth=0 n_nonfinite_pose=0
[2026-09-25T02:06:22Z][gpu7] c2_transverse2_t3_v1: depth frame 0/192, elapsed 0.1s
[2026-09-25T02:06:31Z][gpu7] c2_transverse2_t3_v1: depth frame 100/192, elapsed 9.4s
[2026-09-25T02:06:39Z][gpu7] c2_transverse2_t3_v1: depth frame 192/192, elapsed 17.3s
[2026-09-25T02:06:39Z][gpu7] c2_transverse2_t3_v1: pose pair (0,1), elapsed 0.1s
[2026-09-25T02:06:53Z][gpu7] c2_transverse2_t3_v1: pose pair (100,101), elapsed 13.6s
[2026-09-25T02:07:03Z][gpu7] c2_transverse2_t3_v1: pose pair (191,192), elapsed 24.2s
[2026-09-25T02:07:03Z][gpu7] c2_transverse2_t3_v1: DONE in 43.9s, n_nonfinite_depth=0 n_nonfinite_pose=0
[2026-09-25T02:07:12Z][gpu7] c2_transverse2_t3_v2: depth frame 0/732, elapsed 0.1s
[2026-09-25T02:07:22Z][gpu7] c2_transverse2_t3_v2: depth frame 100/732, elapsed 9.6s
[2026-09-25T02:07:32Z][gpu7] c2_transverse2_t3_v2: depth frame 200/732, elapsed 19.6s
[2026-09-25T02:07:42Z][gpu7] c2_transverse2_t3_v2: depth frame 300/732, elapsed 29.5s
[2026-09-25T02:07:51Z][gpu7] c2_transverse2_t3_v2: depth frame 400/732, elapsed 39.4s
[2026-09-25T02:08:01Z][gpu7] c2_transverse2_t3_v2: depth frame 500/732, elapsed 49.2s
[2026-09-25T02:08:11Z][gpu7] c2_transverse2_t3_v2: depth frame 600/732, elapsed 58.9s
[2026-09-25T02:08:21Z][gpu7] c2_transverse2_t3_v2: depth frame 700/732, elapsed 68.8s
[2026-09-25T02:08:24Z][gpu7] c2_transverse2_t3_v2: depth frame 732/732, elapsed 72.0s
[2026-09-25T02:08:24Z][gpu7] c2_transverse2_t3_v2: pose pair (0,1), elapsed 0.1s
[2026-09-25T02:08:39Z][gpu7] c2_transverse2_t3_v2: pose pair (100,101), elapsed 15.1s
[2026-09-25T02:08:54Z][gpu7] c2_transverse2_t3_v2: pose pair (200,201), elapsed 30.4s
[2026-09-25T02:09:09Z][gpu7] c2_transverse2_t3_v2: pose pair (300,301), elapsed 45.0s
[2026-09-25T02:09:21Z][gpu7] c2_transverse2_t3_v2: pose pair (400,401), elapsed 57.0s
[2026-09-25T02:09:32Z][gpu7] c2_transverse2_t3_v2: pose pair (500,501), elapsed 67.7s
[2026-09-25T02:09:42Z][gpu7] c2_transverse2_t3_v2: pose pair (600,601), elapsed 78.4s
[2026-09-25T02:09:55Z][gpu7] c2_transverse2_t3_v2: pose pair (700,701), elapsed 91.4s
[2026-09-25T02:10:00Z][gpu7] c2_transverse2_t3_v2: pose pair (731,732), elapsed 96.0s
[2026-09-25T02:10:00Z][gpu7] c2_transverse2_t3_v2: DONE in 176.6s, n_nonfinite_depth=0 n_nonfinite_pose=0
[2026-09-25T02:10:15Z][gpu7] c2_transverse2_t3_v3: depth frame 0/732, elapsed 0.1s
[2026-09-25T02:10:26Z][gpu7] c2_transverse2_t3_v3: depth frame 100/732, elapsed 10.8s
[2026-09-25T02:10:37Z][gpu7] c2_transverse2_t3_v3: depth frame 200/732, elapsed 22.3s
[2026-09-25T02:10:48Z][gpu7] c2_transverse2_t3_v3: depth frame 300/732, elapsed 33.6s
[2026-09-25T02:10:59Z][gpu7] c2_transverse2_t3_v3: depth frame 400/732, elapsed 43.7s
[2026-09-25T02:11:09Z][gpu7] c2_transverse2_t3_v3: depth frame 500/732, elapsed 54.2s
[2026-09-25T02:11:19Z][gpu7] c2_transverse2_t3_v3: depth frame 600/732, elapsed 64.5s
[2026-09-25T02:11:30Z][gpu7] c2_transverse2_t3_v3: depth frame 700/732, elapsed 74.8s
[2026-09-25T02:11:33Z][gpu7] c2_transverse2_t3_v3: depth frame 732/732, elapsed 78.6s
[2026-09-25T02:11:34Z][gpu7] c2_transverse2_t3_v3: pose pair (0,1), elapsed 0.2s
[2026-09-25T02:11:49Z][gpu7] c2_transverse2_t3_v3: pose pair (100,101), elapsed 15.4s
[2026-09-25T02:12:03Z][gpu7] c2_transverse2_t3_v3: pose pair (200,201), elapsed 29.6s
[2026-09-25T02:12:17Z][gpu7] c2_transverse2_t3_v3: pose pair (300,301), elapsed 43.3s
[2026-09-25T02:12:30Z][gpu7] c2_transverse2_t3_v3: pose pair (400,401), elapsed 56.6s
[2026-09-25T02:12:46Z][gpu7] c2_transverse2_t3_v3: pose pair (500,501), elapsed 72.9s
[2026-09-25T02:13:01Z][gpu7] c2_transverse2_t3_v3: pose pair (600,601), elapsed 87.1s
[2026-09-25T02:13:14Z][gpu7] c2_transverse2_t3_v3: pose pair (700,701), elapsed 100.6s
[2026-09-25T02:13:19Z][gpu7] c2_transverse2_t3_v3: pose pair (731,732), elapsed 105.5s
[2026-09-25T02:13:19Z][gpu7] c2_transverse2_t3_v3: DONE in 198.0s, n_nonfinite_depth=0 n_nonfinite_pose=0
[2026-09-25T02:13:27Z][gpu7] c2_transverse2_t4_v1: depth frame 0/686, elapsed 0.1s
[2026-09-25T02:13:37Z][gpu7] c2_transverse2_t4_v1: depth frame 100/686, elapsed 10.1s
[2026-09-25T02:13:46Z][gpu7] c2_transverse2_t4_v1: depth frame 200/686, elapsed 19.4s
[2026-09-25T02:13:56Z][gpu7] c2_transverse2_t4_v1: depth frame 300/686, elapsed 29.2s
[2026-09-25T02:14:06Z][gpu7] c2_transverse2_t4_v1: depth frame 400/686, elapsed 39.1s
[2026-09-25T02:14:16Z][gpu7] c2_transverse2_t4_v1: depth frame 500/686, elapsed 48.4s
[2026-09-25T02:14:25Z][gpu7] c2_transverse2_t4_v1: depth frame 600/686, elapsed 58.1s
[2026-09-25T02:14:34Z][gpu7] c2_transverse2_t4_v1: depth frame 686/686, elapsed 67.1s
[2026-09-25T02:14:34Z][gpu7] c2_transverse2_t4_v1: pose pair (0,1), elapsed 0.2s
[2026-09-25T02:14:49Z][gpu7] c2_transverse2_t4_v1: pose pair (100,101), elapsed 15.3s
[2026-09-25T02:15:00Z][gpu7] c2_transverse2_t4_v1: pose pair (200,201), elapsed 25.8s
[2026-09-25T02:15:14Z][gpu7] c2_transverse2_t4_v1: pose pair (300,301), elapsed 39.5s
[2026-09-25T02:15:28Z][gpu7] c2_transverse2_t4_v1: pose pair (400,401), elapsed 54.1s
[2026-09-25T02:15:42Z][gpu7] c2_transverse2_t4_v1: pose pair (500,501), elapsed 67.7s
[2026-09-25T02:15:56Z][gpu7] c2_transverse2_t4_v1: pose pair (600,601), elapsed 81.9s
[2026-09-25T02:16:10Z][gpu7] c2_transverse2_t4_v1: pose pair (685,686), elapsed 95.3s
[2026-09-25T02:16:10Z][gpu7] c2_transverse2_t4_v1: DONE in 169.9s, n_nonfinite_depth=0 n_nonfinite_pose=0
[2026-09-25T02:16:23Z][gpu7] c2_transverse2_t4_v3: depth frame 0/939, elapsed 0.1s
[2026-09-25T02:16:32Z][gpu7] c2_transverse2_t4_v3: depth frame 100/939, elapsed 9.5s
[2026-09-25T02:16:42Z][gpu7] c2_transverse2_t4_v3: depth frame 200/939, elapsed 19.5s
[2026-09-25T02:16:52Z][gpu7] c2_transverse2_t4_v3: depth frame 300/939, elapsed 29.3s
[2026-09-25T02:17:01Z][gpu7] c2_transverse2_t4_v3: depth frame 400/939, elapsed 38.4s
[2026-09-25T02:17:11Z][gpu7] c2_transverse2_t4_v3: depth frame 500/939, elapsed 48.3s
[2026-09-25T02:17:22Z][gpu7] c2_transverse2_t4_v3: depth frame 600/939, elapsed 59.0s
[2026-09-25T02:17:32Z][gpu7] c2_transverse2_t4_v3: depth frame 700/939, elapsed 69.4s
[2026-09-25T02:17:42Z][gpu7] c2_transverse2_t4_v3: depth frame 800/939, elapsed 78.8s
[2026-09-25T02:17:52Z][gpu7] c2_transverse2_t4_v3: depth frame 900/939, elapsed 89.1s
[2026-09-25T02:17:56Z][gpu7] c2_transverse2_t4_v3: depth frame 939/939, elapsed 93.2s
[2026-09-25T02:17:56Z][gpu7] c2_transverse2_t4_v3: pose pair (0,1), elapsed 0.1s
[2026-09-25T02:18:11Z][gpu7] c2_transverse2_t4_v3: pose pair (100,101), elapsed 15.2s
[2026-09-25T02:18:27Z][gpu7] c2_transverse2_t4_v3: pose pair (200,201), elapsed 31.2s
[2026-09-25T02:18:42Z][gpu7] c2_transverse2_t4_v3: pose pair (300,301), elapsed 45.5s
[2026-09-25T02:18:56Z][gpu7] c2_transverse2_t4_v3: pose pair (400,401), elapsed 59.4s
[2026-09-25T02:19:11Z][gpu7] c2_transverse2_t4_v3: pose pair (500,501), elapsed 75.2s
[2026-09-25T02:19:29Z][gpu7] c2_transverse2_t4_v3: pose pair (600,601), elapsed 92.5s
[2026-09-25T02:19:45Z][gpu7] c2_transverse2_t4_v3: pose pair (700,701), elapsed 108.6s
[2026-09-25T02:19:56Z][gpu7] c2_transverse2_t4_v3: pose pair (800,801), elapsed 120.2s
[2026-09-25T02:20:11Z][gpu7] c2_transverse2_t4_v3: pose pair (900,901), elapsed 135.3s
[2026-09-25T02:20:18Z][gpu7] c2_transverse2_t4_v3: pose pair (938,939), elapsed 141.6s
[2026-09-25T02:20:18Z][gpu7] c2_transverse2_t4_v3: DONE in 247.5s, n_nonfinite_depth=0 n_nonfinite_pose=0
[2026-09-25T02:20:19Z][gpu7] shard 0/1: all assigned sequences done
